Stimulus,Descriptor 1,Descriptor 2,Descriptor 3
439711,Earthy,Woody,Camphoraceous
16213731,Woody,Balsamic,Nutty
227829,Woody,Smoky,Rose
101977,Floral,Rose,Geranium
439263,Minty,Fresh,Aromatic
11240503,Sulfurous,Garlic,Onion
56842481,Green,Grassy,Citrus
12217499,Woody,Patchouli,Earthy
5374527,Floral,Rose,Plum
105537,Green,Floral,Violet
5362833,Green,Cucumber,Oily
44145973,Green,Fresh,Floral
174845,Floral,Magnolia,Muguet
117035,Fruity,Berry,Honey
6366609,Green,Fresh,Fruity
6438067,Floral,Plum,Rose
5366077,Floral,Rose,Apple
5365847,Fruity,Green,Fresh
103447,Fruity,Peach,Jasmin
5318599,Green,Vegetable,Food like
2753159,Fruity,Green,Rhubarb
6365813,Woody,Violet,Cedarwood
68085257,Food Like,Savoury,Roasted
5752319,Citrus,Tangerine,Fresh
5363231,Fruity,Floral,Sweet
444683,Fruity,Sweet,Fermented
12009861,Fruity,Blackcurrant,Floral
20836345,Green,Fresh,Fruity
5364919,Fruity,Cherry,Fresh
3036969,Green,Fruity,Rhubarb
20836197,Woody,Violet,Cedarwood
16220109,Green,Floral,Herbal
1381163,Citrus,Spicy,Floral
6019677,Fruity,Coconut,Buttery
6436925,Citrus,Tangerine,Fresh
5365069,Green,Fruity,Apple
5363389,Fruity,Melon,Honeydew
5367767,Green,Leafy,Herbal
114233,Floral,Muguet,Rose
114533,Fruity,Sweet,Pear
110923,Citrus,Fresh,Lemon
166527,Floral,Green,Hyacinth
109193,Woody,Floral,Amber
13663,Floral,Neroli,Sweet
116699,Woody,Amber,Dry
9837013,Fruity,Floral,Tobacco
107065,Woody,Cedarwood,Amber
6438067,Fruity,Plum,Rose
112185,Green,Herbal,Grapefruit
15435,Powdery,Floral,Hay
6453423,Herbal,Green,Pineapple
109417,Green,Floral,Earthy
2507689,Floral,Neroli,Powdery
69885,Floral,Neroli,Musk Like
142629,Sulfurous,Garlic,Acidic
35785,Green,Leafy,Herbal
31231,Balsamic,Anisic,Green
102054965,Woody,Amber,Leathery
170239,Floral,Citrus,Sulfurous
19793,Woody,Cedarwood,Musk Like
101363,Aldehydic,Mossy,Green
10795,Green,Hay,Apple
101023,Fruity,Jasmin,Grape
101549,Woody,Vetiver,Grapefruit
103377,Woody,Dry,Amber
7043,Gourmand,Phenolic,Creamy
107217,Herbal,Pine,Fresh
91497,Musk like,Floral,Woody
112635,Floral,Jasmin,Citrus
16205339,Floral,Ylang,Green
3018907,Fruity,Floral,Herbal
6440993,Fruity,Plum,Apple
15571,Earthy,Fungal,Sweet
234237,Floral,Jasmin,Watery
6433089,Floral,Green,Violet
6436727,Woody,Amber,Cedarwood
109275,Musk like,Animal Like,Woody
15897831,Fruity,Pineapple,Green
2537,Herbal,Camphoraceous,Green
91151,Woody,Amber,Powdery
107119,Woody,Balsamic,Terpenic
109263,Woody,Spicy,Balsamic
61035,Fruity,Rose,Green
8187,Citrus,Citrus,Ozonic
109641,Fruity,Floral,Fermented
23173,Musk like,Fruity,Woody
5365703,Musk like,Powdery,Animal Like
22336879,Floral,Green,Muguet
137829,Herbal,Minty,Fruity
107073,Fruity,Dry,Brandy
170977,Food Like,Earthy,Fungal
53422433,Aldehydic,Fresh,Green
118291,Woody,Pine,Amber
78903,Herbal,Hay,Oak
7219,Animal like,Terpenic,Balsamic
108523,Musk like,Floral,Woody
14549,Musk like,Floral,Woody
106919,Animal like,Indolic,Medicinal
228343,Herbal,Minty,Fruity
3024273,Herbal,Green,Citrus
166247,Fruity,Tropical-Fruit,Sweet
22476645,Floral,Muguet,Citrus
88693,Floral,Citrus,Dry
89437,Floral,Citrus,Pine
161949,Woody,Dry,Amber
957,Citrus,Waxy,Green
18827,Herbal,Floral,Lavender
17121,Herbal,Fruity,Floral
20268659,Fruity,Blackcurrant,Tropical-Fruit
22219099,Fruity,Blackcurrant,Green
6452049,Woody,Herbal,Oily
6437247,Woody,Sandalwood,Floral
5372151,Woody,Floral,Violet
11363,Aromatic,Phenolic,Dry
160065,Floral,Green,Hyacinth
6427135,Citrus,Fruity,Grapefruit
18955245,Amber,Warm,Woody
8207,Floral,Woody,Green
5463875,Earthy,Mushroom,Lavender
20839647,Fruity,Fresh,Green
5364949,Green,Fruity,Leafy
16063567,Musk like,Fruity,Pear
106739,Woody,Earthy,Fresh
102667,Herbal,Woody,Pine
81887,Green,Galbanum,Bell Pepper
14344497,Fruity,Coconut,Tropical-Fruit
107271,Green,Fruity,Floral
15410529,Fruity,Grapefruit,Sulfurous
74005,Herbal,Powerful,Leathery
175661,Fruity,Peach,Apricot
21967387,Fruity,Fresh,Sweet
6365761,Green,Watery,Aldehydic
14917671,Citrus,Lemon,Herbal
20499,Sulfurous,Coffee,Onion
1252759,Aldehydic,Green,Herbal
85833,Herbal,Aromatic,Juniper
156605,Citrus,Grapefruit,Rhubarb
83367,Floral,Rose,Fresh
3034843,Powdery,Woody,Tobacco
28905,Gourmand,Nutty,Nutty
10687,Earthy,Phenolic,Musty
22201,Food Like,Nutty,Roasted
60983,Food Like,Buttery,Cheesy
19707,Gourmand,Buttery,Caramel
9815427,Citrus,Fruity,Floral
3019015,Fruity,Blackcurrant,Grapefruit
61653,Gourmand,Nutty,Cocoa
107381,Fruity,Citrus,Green
93375,Green,Grassy,Citrus
106743,Floral,Fresh,Green
106749,Citrus,Fruity,Grapefruit
86015,Green,Apple,Galbanum
112657,Green,Violet,Cucumber
7771,Smoky,Roasted,Balsamic
79409,Woody,Sandalwood,Camphoraceous
163345,Green,Ozonic,Melon
62913,Gourmand,Caramel,Coffee
61325,Fruity,Vegetable,Sweet
15511119,Fruity,Sweet,Apple
7267,Smoky,Roasted,sweet
98403,Green,Ozonic,Aldehydic
91115,Aldehydic,Floral,Marine
91115,Aldehydic,Hyacinth,Muguet
9895,Green,Saffron,Rose
61041,Herbal,Aldehydic,Tobacco
61057,Balsamic,Fruity,Oily
7041,Food Like,Phenolic,Smoky
5368821,Aromatic,Floral,Fresh
109413,Aromatic,Citrus,Herbal
7957,Food Like,Yeast,Fermented
91375,Citrus,Floral,Fruity
5368821,Floral,Peppery,Herbal
7937,Food Like,Nutty,Leathery
6364671,Green,Cucumber,Oily
638011,Citrus,Verbena,Lime
11335,Smoky,Phenolic,Neutral
1738173,Floral,Chamomile,Marigold
32093,Food Like,Nutty,Roasted
6569,Fruity,Pear,Light
101985,Animal like,Dry,Balsamic
94569,Herbal,Green,Floral
89539,Gourmand,Caramel,Anisic
21003,Floral,Animal Like,Indolic
12741,Floral,Neroli,Peach
5283345,Aldehydic,Floral,Clean
5283361,Citrus,Aldehydic,Mandarin
75715,Gourmand,Vanilla,Sweet
106997,Earthy,Rooty,Camphoraceous
27457,Food Like,Nutty,Corn
93111,Gourmand,Sweet,Maple
33931,Gourmand,Caramel,Butterscotch
25915,Food Like,Coffee,Roasted
6915,Acidic,Neutral,Pungent
31241,Fruity,Green,Oily
7635,Fruity,Sweet,Berry
26331,Food Like,Peanut,Cocoa
14505,Gourmand,Sweet,Milky
92030009,Woody,Amber,Dry
78062915,Woody,Vetiver,Grapefruit
59609863,Citrus,Verbena,Green
44464839,Green,Floral,Verbena
8051,Herbal,Fruity,Pear
78067,Citrus,Orange,Aldehydic
162363,Floral,Fruity,Jasmin
12297,Herbal,Fruity,Green
15640305,Floral,Rose,Green
8375,Balsamic,Phenolic,Honey
6885,Tobacco like,Hay,Coconut
26333,Gourmand,Caramel,Herbal
62725,Green,Earthy,Metallic
5362661,Herbal,Lavender,Woody
6943,Animal like,Phenolic,Woody
17739,Spicy,Dry,Bayleaf
20745,Green,Floral,Citrus
5365909,Fruity,Strawberry,Woody
110543,Gourmand,Sweet,Strawberry
517827,Floral,Green,Cyclamen
122941,Gourmand,Sweet,Nutty
8257,Herbal,Earthy,Oily
6438195,Woody,Sandalwood,Creamy
16063533,Woody,Sandalwood,Pungent
5369997,Floral,Violet,Osmanthus
118119,Animal like,Floral,Jasmin
7633,Floral,Rose,Tea
62911,Floral,Earthy,Musty
3021997,Citrus,Grapefruit,Fresh
61657,Food Like,Roasted,Coffee
5463791,Floral,Rose,Powdery
8723,Fruity,Fresh,Green
17129,Fruity,Pear,Apple
62445,Fruity,Apple,Pear
12209,Fruity,Sweet,Banana
162627,Fruity,Apple,Floral
29381,Aldehydic,Citrus,Floral
3017923,Fruity,Peach,Jasmin
14475,Food Like,Waxy,Cheesy
7055,Floral,Sweet,Woody
24583,Floral,Rose,Muguet
5365909,Fruity,Sweet,Strawberry
6365449,Fruity,Pear,Melon
31245,Fruity,Fresh,Herbal
162595,Green,Citrus,Floral
61031,Aldehydic,Orange,Citrus
109183,Aldehydic,Lemon,Green
7341,Acidic,Sour,Cheesy
13187,Fruity,Floral,Herbal
5283335,Green,Cucumber,Oily
89559,Fruity,Minty,Coconut
20083,Green,Floral,Leafy
8093,Green,Mushroom,Banana
5365891,Fruity,Sweet,Tropical-Fruit
61303,Floral,Oily,Fresh
7895,Fruity,Sweet,Fermented
12550535,Herbal,Fruity,Green
20959,Floral,Jasmin,Green
61005,Floral,Fruity,Rose
6429333,Gourmand,Honey,Rose
12053,Balsamic,Green,Floral
97799,Herbal,Balsamic,Green
102835,Floral,Jasmin,Warm
15683411,Floral,Anisic,Linden
17972365,Musk like,Fruity,Pear
22376131,Floral,Fruity,Jasmin
61771,Herbal,Minty,Camphoraceous
102681,Woody,Camphoraceous,Patchouli
6430759,Citrus,Green,Fruity
6365761,Aldehydic,Citrus,Green
5283361,Aldehydic,Citrus,Coriander
5283363,Aldehydic,Mandarin,Orange
8163,Herbal,Floral,Citrus
90817,Green,Citrus,Floral
154381,Fruity,Tropical-Fruit,Sweet
53470667,Floral,Rose,Fresh
53470669,Floral,Rose,Fresh
162105,Floral,Muguet,Aldehydic
85903,Floral,Rose,Muguet
107099,Marine,Cooling,Fresh
103649,Aldehydic,Fresh,Green
110929,Floral,Herbal,Green
103005,Woody,Soft,Sweet
22395803,Floral,Citrus,Jasmin
106823,Herbal,Lavender,Sweet
65413,Fruity,Pineapple,Mango
62013,Sulfurous,Garlic,Onion
18635,Food Like,Vegetable,Fatty
92013,Floral,Lily,Fresh
3086639,Citrus,Mandarin,Orange
106917,Green,Floral,Herbal
15984303,Woody,Sandalwood,Floral
3085817,Citrus,Fresh,Grapefruit
94521,Fruity,Rhubarb,Woody
3019017,Woody,Violet,Cedarwood
15219341,Woody,Amber,Vetiver
61633,Gourmand,Caramel,Licorice
79089,Sulfurous,Roasted,Onion
62539,Gourmand,Buttery,Caramel
7249,Smoky,Roasted,Earthy
42745,Citrus,Green,Herbal
109223,Floral,Herbal,Woody
107069,Floral,Rose,Geranium
108443,Green,Floral,Rose
42011,Green,Fresh,Violet
6433547,Floral,Fresh,Lavender
43851,Floral,Citrus,Fresh
30249,Fruity,Sweet,Honey
108355,Citrus,Lemon,Rose
162053,Woody,Soft,Sandalwood
86749,Floral,Citrus,Woody
6999975,Citrus,Fruity,Geranium
543323,Floral,Rose,Geranium
90843,Floral,Rose,Citrus
11264633,Minty,Green,Herbal
111263,Woody,Balsamic,Patchouli
106745,Fruity,Peach,Pineapple
107071,Fruity,Peach,Apricot
3034895,Fruity,Floral,Pear
103719,Herbal,Lavender,Green
61527,Gourmand,Coffee,Nutty
2733977,Gourmand,Sulfurous,Tropical-Fruit
9589,Food Like,Roasted,Waxy
22726405,Woody,Orris,Amber
101539,Floral,Violet,Woody
106697,Woody,Warm,Green
12082921,Floral,Rose,Fruity
21467047,Woody,Sandalwood,Dry
5363233,Green,Oily,Fruity
106523,Citrus,Mandarin,Orange
108245,Tobacco like,Hay,Warm
12101,Food Like,Coffee,Phenolic
10823,Green,Leathery,Tobacco
11509,Fruity,Sweet,Grape
57358937,Green,Fruity,Apple
5284503,Green,Fresh,Floral
643139,Green,Fruity,Floral
92033995,Green,Fresh,Floral
59870763,Green,Fresh,Floral
5365069,Fruity,Apple,Green
5363291,Green,Oily,Melon
62237,Sulfurous,Onion,Vegetable
19802217,Fruity,Blackcurrant,Berry
10947,Musk like,Powdery,Animal Like
111783,Floral,Jasmin,Green
529481,Fruity,Caramel,Burnt
11173,Green,Fruity,Lavender
14489,Fruity,Pear,Green
21265,Floral,Fruity,Green
14511,Gourmand,Nutty,Sweet
114453,Floral,Fruity,Jasmin
78879,Fruity,Pear,Apple
6437269,Herbal,Fresh,Celery
6436969,Woody,Floral,Violet
6504499,Woody,Sandalwood,Milky
103875,Citrus,Floral,Waxy
3782139,Herbal,Spicy,Celery
19695,Fruity,Oily,Peach
86851,Fruity,Creamy,Nutty
5366155,Floral,Chamomile,Fruity
74901,Fruity,Green,Apple
10931,Green,Phenolic,Dairy
92043557,Powdery,Warm,Musk Like
61209,Gourmand,Licorice,Caramel
7755,Acidic,Sharp,Cheesy
61235,Fruity,Floral,Sweet
5317045,Fruity,Berry,Licorice
11527,Earthy,Mushroom,Woody
5363229,Earthy,Mushroom,Sweet
163259,Animal like,Amber,Leathery
81739,Anisic,Floral,Balsamic
85979,Green,Pungent,Foliage
7707,Green,Melon,Aldehydic
107,Floral,Sweet,Spicy
161993,Green,Aldehydic,Floral
5373603,Herbal,Celery,Sweet
89315,Fruity,Apple,Woody
5352481,Floral,Violet,Powdery
85755,Floral,Neroli,Bergamot
6285057,Floral,Violet,Woody
108425,Woody,Violet,Cedarwood
74937,Spicy,Fresh,Green
162309,Marine,Fresh,Clean
106731,Floral,Rose,Fresh
95689,Herbal,Green,Fruity
61007,Fruity,Raspberry,Cherry
14833045,Fruity,Citrus,Floral
93947,Woody,Spicy,Peppery
87453,Floral,Earthy,Leathery
103487,Herbal,Lavender,Pine
329983,Smoky,Nutty,Earthy
104513,Floral,Green,Geranium
62835,Gourmand,Caramel,Sweet
3015851,Green,Grassy,Citrus
102779,Floral,Anisic,Fruity
86799,Floral,Jasmin,Tea
61585,Musk like,Powdery,Clean
93649,Spicy,Clove,Floral
14434313,Floral,Coriander,Citrus
6365389,Musk like,Powdery,Soft
6365389,Musk like,Powdery,Soft
6366429,Herbal,Fresh,Citrus
20861,Anisic,Almond,Cherry
62465,Spicy,Phenolic,Woody
82493,Herbal,Galbanum,Bell Pepper
5369371,Green,Oily,Cucumber
5365589,Green,Herbal,Vegetable
19309,Gourmand,Caramel,Strawberry
11559,Herbal,Sweet,Anisic
6436105,Floral,Green,Spicy
96021,Herbal,Green,Camphoraceous
20739,Animal like,Floral,Rose
526195,Fruity,Sulfurous,Mango
64813,Anisic,Sweet,Herbal
92659,Minty,Camphoraceous,Fresh
236687,Green,Hay,Dry
7909,Green,Herbal,Fruity
6441135,Green,Floral,Fruity
75187,Floral,Hyacinth,Green
62003,Acidic,Animal Like,Dry
62089,Acidic,Animal Like,Dry
12587,Acidic,Gourmand,Pungent
15405345,Green,Galbanum,Pineapple
97705,Fruity,Floral,Green
27941,Woody,Orris,Camphoraceous
74879,Woody,Powdery,Warm
7391,Woody,Camphoraceous,Floral
36081,Fruity,Apple,Woody
62367,Herbal,Minty,Eucalyptus
6438291,Floral,Muguet,Aldehydic
106725,Anisic,Fruity,Herbal
109261,Green,Watery,Leafy
61951,Food Like,Popcorn,Nutty
5752319,Citrus,Fruity,Marine
47167,Musk like,Amber,Powdery
109209,Fruity,Oily,Peach
106787,Herbal,Warm,Animal Like
61199,Gourmand,Popcorn,Butterscotch
166421,Floral,Jasmin,Light
32065,Earthy,Sweet,Nutty
7989,Floral,Green,Fresh
61665,Green,Herbal,Minty
61663,Fruity,Sweet,Almond
6180775,Green,Leafy,Pungent
78639,Floral,Rose,Woody
166523,Green,Plastic,Floral
12097,Gourmand,Sweet,Caramel
118111,Marine,Fresh,Herbal
172501,Floral,Green,Fruity
91147,Floral,Geranium,Green
6438027,Floral,Muguet,Green
163617,Fruity,Green,Berry
67285,Green,Woody,Earthy
112491,Marine,Ozonic,Fruity
5375215,Floral,Violet,Powdery
5370101,Spicy,Cinnamon,Fruity
7059,Animal like,Leathery,Tobacco
443157,Citrus,Lemongrass,Citronella
103401,Herbal,Leathery,Smoky
5362695,Aldehydic,Green,Clean
57591433,Aldehydic,Green,Floral
109301,Green,Woody,Ozonic
103825,Floral,Sweet,Citrus
120101,Marine,Watery,Fresh
87671,Citrus,Fresh,Floral
22219097,Aldehydic,Marine,Ozonic
534931,Earthy,Patchouli,Vetiver
5315941,Musk like,Animal Like,Soft
61743,Green,Fruity,Oily
39801,Floral,Rose,Sweet
110365,Floral,Rose,Fruity
61097,Aldehydic,Green,Clean
22713151,Floral,Citrus,Aldehydic
11064349,Marine,Fresh,Citrus
7765,Fruity,Kiwi,Citrus
177,Fruity,Apple,Aldehydic
102993,Green,Fruity,Floral
21503,Green,Herbal,Floral
162027,Floral,Tropical-Fruit,Herbal
102849,Green,Fresh,Floral
175273,Fruity,Green,Aldehydic
109395,Fruity,Floral,Soapy
14235,Herbal,Lavender,Sage
179,Food Like,Buttery,Milky
16220111,Woody,Leathery,Vetiver
11747,Gourmand,Caramel,Sweet
44079,Herbal,Woody,Floral
106729,Fruity,Green,Pineapple
111727,Herbal,Green,Galbanum
641423,Spicy,Balsamic,Cinnamon
17617,Fruity,Pineapple,Apple
93831,Fruity,Sweet,Pineapple
20219,Fruity,Pineapple,Waxy
24117,Green,Fruity,Honey
15717,Fruity,Honey,Rum
61319,Fruity,Apple,Apricot
11617,Sulfurous,Onion,Garlic
109507,Fruity,Pineapple,Spicy
105513,Ozonic,Floral,Aldehydic
7531,Floral,Fresh,Rose
24915,Fruity,Floral,Berry
105595,Floral,Sweet,Jasmin
5366077,Floral,Sweet,Berry
1623625,Floral,Fresh,Citrus
6005821,Floral,Jasmin,Fruity
6435059,Floral,Fresh,Jasmin
6076971,Floral,Jasmin,Citrus
86597,Floral,Soft,Balsamic
6431015,Woody,Cedarwood,Aromatic
66327,Floral,Rose,Geranium
5363817,Powdery,Floral,Gourmand
62661,Balsamic,Floral,warm
64805,Floral,Green,Cyclamen
62341,Green,Fruity,Rhubarb
7409,Floral,Fruity,Woody
5372813,Spicy,Warm,Sweet
112065,Floral,Muguet,Green
111037,Citrus,Bergamot,Herbal
12529,Fruity,Banana,Green
61185,Fruity,Pineapple,Green
16299,Floral,Green,Balsamic
62433,Fruity,Banana,Pear
637563,Anisic,Green,Herbal
7519,Floral,Medicinal,Hawthorn
562671,Fruity,Berry,Anisic
7599,Fruity,Anisic,Honey
61417,Fruity,Anisic,Berry
62375,Floral,Almond,Fruity
162275,Floral,Almond,Cherry-Blossom
12507,Anisic,Floral,Sweet
5463415,Floral,Herbal,Green
75153,Floral,Jasmin,Green
164355,Herbal,Marine,Ozonic
92543,Floral,Muguet,Soft
243,Herbal,Balsamic,Powdery
19815003,Floral,Neroli,Green
3034267,Floral,Neroli,Marine
734597,Floral,Balsamic,Sweet
7505,Gourmand,Almond,Nutty
74977,Floral,Herbal,Chamomile
91849,Floral,Fruity,Gardenia
8785,Fruity,Floral,Jasmin
17355,Floral,Green,Jasmin
2345,Balsamic,Fruity,Floral
5273469,Spicy,Balsamic,Cinnamon
23367,Floral,Jasmin,Apricot
31227,Balsamic,Anisic,Fruity
7651,Floral,Fruity,Animal Like
8791,Aldehydic,Waxy,Fatty
7509,Sulfurous,Garlic,Vegetable
10869,Floral,Ylang,Green
82511,Herbal,Fruity,Peach
60999,Honey,Sweet,Floral
31219,Fruity,Floral,Jasmin
8363,Floral,Balsamic,Dry
5281515,Spicy,Earthy,Carrot
5281517,Floral,Woody,Jasmin
5373729,Herbal,Violet,Balsamic
108313,Floral,Marine,Citrus
14295,Floral,Green,Spicy
62217,Floral,Neroli,Grape
7129,Floral,Sweet,Neroli
7119,Floral,Neroli,Powdery
12313993,Woody,Patchouli,Terpenic
5281535,Citrus,Mandarin,Aldehydic
106805,Aromatic,Pine,Woody
169211,Aromatic,Pine,Woody
7095,Green,Rose,Geranium
21885113,Woody,Musk Like,Sandalwood
64685,Herbal,Camphoraceous,Pine
93009,Woody,Pine,Fruity
57495095,Fruity,Tropical-Fruit,Grapefruit
107059,Fruity,Apple,Tropical-Fruit
118147,Fruity,Sulfurous,Fresh
61027,Fruity,Buttery,Oily
95539,Herbal,Chamomile,Floral
263,Fruity,Banana,Pear
24433,Floral,Neroli,Green
7983,Fruity,Raspberry,Blueberry
5273465,Balsamic,Spicy,Fruity
7353,Fruity,Apple,Pear
7981,Fruity,Apple,Pear
16331,Fruity,Waxy,Caramel
11517,Gourmand,Buttery,Herbal
11529,Fruity,Sweet,Banana
261,Gourmand,Fruity,Chocolate
159055,Camphoraceous,Fresh,Herbal
159055,Camphoraceous,Fresh,Herbal
7335,Herbal,Minty,Fresh
90473619,Woody,Fruity,Spicy
105755,Balsamic,Fruity,Woody
6850781,Spicy,Sweet,Cinnamon
6850781,Spicy,Sweet,Cinnamon
6850781,Spicy,Woody,Sweet
6850781,Spicy,Sweet,Cinnamon
6850781,Spicy,Sweet,Cinnamon
6850781,Spicy,Sweet,Cinnamon
11658397,Fruity,Juicy,Blackcurrant
521207,Woody,Cedarwood,Sandalwood
6431015,Woody,Cedarwood,Amber
13335685,Woody,Cedarwood,Powdery
65575,Woody,Soft,Cedarwood
24758199,Woody,Dry,Amber
5280443,Herbal,Warm,Sweet
5280443,Herbal,Fruity,Medicinal
5280443,Herbal,Earthy,Chamomile
637511,Spicy,Cinnamon,Warm
444539,Balsamic,Sweet,Cinnamon
5354883,Balsamic,Spicy,Fruity
5355851,Fruity,Spicy,Balsamic
5355855,Fruity,Spicy,Ethereal
524461,Minty,Herbal,Fresh
6931725,Fruity,Citrus,Green
101921,Green,Earthy,Minty
643941,Green,Grassy,Fruity
5281167,Green,Grassy,Fresh
5372353,Fruity,Green,Grape
5367711,Green,Balsamic,Floral
5365587,Green,Fresh,Apple
5352543,Fruity,Green,Fresh
5352539,Green,Apple,Pear
5367681,Green,Pear,Pear
5364231,Green,Fruity,Tropical-Fruit
5365699,Green,Fresh,Floral
5365049,Green,Apple,Pear
15461361,Green,Vegetable,Earthy
5364631,Green,Cucumber,Oily
5364519,Fruity,Fresh,Melon
83763,Floral,Muguet,Fresh
11094547,Aldehydic,Green,Oily
36081,Floral,Woody,Violet
5352837,Green,Melon,Mushroom
6435869,Fruity,Green,Apple
11085337,Woody,Sandalwood,Dry
6857681,Woody,Sandalwood,Oily
6428573,Earthy,Floral,Sweet
638011,Citrus,Lemon,Verbena
5352435,Citrus,Fresh,Green
5338463,Citrus,Sweet,Lemon
105653,Fruity,Sweet,Lemon
106871,Citrus,Floral,Lemongrass
61401,Aldehydic,Floral,Muguet
9017,Floral,Citrus,Fruity
8835,Floral,Rose,Citrus
108515,Floral,Rose,Muguet
60985,Fruity,Floral,Citrus
8767,Floral,Honey,Rose
6386037,Floral,Fruity,Sweet-Pea
323,Powdery,Warm,Almond
26289,Spicy,Cumin,Green
101555,Floral,Muguet,Neroli
75695,Musk like,Animal Like,Powdery
10583,Herbal,Waxy,Fresh
7459,Herbal,Woody,Pine
111381,Woody,Peppery,Dry
21363,Acidic,Cheesy,Food like
160641,Fruity,Green,Pear
23513561,Herbal,Pine,Minty
23513561,Green,Pine,Herbal
11735763,Fruity,Rose,Amber
91799283,Fruity,Raspberry,Green
30771,Floral,Rose,Fruity
89263,Citrus,Woody,Fresh
22326187,Woody,Amber,Warm
12783,Fruity,Hay,Floral
27867,Minty,Fresh,Green
18356807,Floral,Rose,Citrus
7967,Aromatic,Minty,Floral
74279,Fruity,Tobacco,Woody
11126487,Herbal,Lavender,Fresh
22227,Minty,Herbal,Menthol
243783,Fruity,Apple,Pineapple
96325,Floral,Honey,Rose
10409,Musk like,Powdery,Animal Like
21156163,Herbal,Woody,Warm
91996655,Fruity,Floral,Green
118177,Floral,Jasmin,Banana
12022011,Musk like,Fruity,Sweet
66769843,Musk like,Fruity,Berry
6255,Gourmand,Sweet,Fruity
22311,Citrus,Fresh,Herbal
82227,Herbal,Terpenic,Aromatic
442501,Herbal,Floral,Pine
11469649,Floral,Sweet,Fresh
159055,Minty,Camphoraceous,Menthol
91339,Floral,Rose,Fruity
25325,Woody,Dry,Floral
109415,Citrus,Dry,Grapefruit
8175,Aldehydic,Orange,Green
24513,Floral,Waxy,Citrus
74791,Citrus,Tropical-Fruit,Green
2969,Acidic,Creamy,Buttery
8167,Fruity,Floral,Apple
229385,Fruity,Oily,Pear
26049,Herbal,Green,Pine
12777,Fruity,Coconut,Minty
1201521,Herbal,Camphoraceous,Aromatic
7657,Powdery,Sweet,Floral
254555,Fruity,Raspberry,Apple
7761,Fruity,Green,Apple
31249,Fruity,Apple,Pear
97707,Floral,Lactonic,Tuberose
35821,Floral,Orris,Woody
10353,Floral,Citrus,Pine
6631,Citrus,Floral,Fresh
443163,Woody,Sweet,Balsamic
102579,Woody,Spicy,Tobacco
10129,Herbal,Pine,Green
7197,Spicy,Sweet,Floral
6631,Herbal,Pine,Citrus
93375,Green,Grassy,Citrus
3034463,Green,Grassy,Citrus
7583,Floral,Sweet,Green
12377,Sulfurous,Onion,Green
2537,Herbal,Camphoraceous,Rosemary
440917,Citrus,Fresh,Herbal
67179,Floral,Lavender,Petitgrain
22311,Citrus,Fresh,Herbal
6432469,Minty,Cooling,Sweet
27867,Minty,Sweet,Fresh
439263,Minty,Fresh,Aromatic
165675,Minty,Fresh,Cooling
93639,Woody,Amber,Dry
84559,Green,Fresh,Waxy
442495,Minty,Aromatic,Herbal
119965,Green,Mossy,Earthy
62583,Gourmand,Sweet,Tonka
8815,Herbal,Anisic,Tarragon
56841839,Herbal,Fruity,Artemisia
6450361,Woody,Earthy,Carrot
157343,Fruity,Sweet,Apple
92831,Gourmand,Creamy,Ethereal
4047281,Fruity,Almond,Cherry
12729,Fruity,Waxy,Oily
3018771,Green,Fatty,Potato
118201,Herbal,Floral,Apple
109245,Green,Grassy,Fresh
3023551,Aldehydic,Floral,Herbal
175609,Fruity,Floral,Tropical-Fruit
93847,Floral,Spicy,Fruity
519709,Sulfurous,green,Onion
105179,Green,Spicy,Rose
80865,Fruity,Apple,Melon
108343,Green,Pear,Grape
5463855,Fruity,Berry,Green
3017783,Fruity,Apple,Green
61293,Fruity,Tropical-Fruit,Citrus
8469,Fruity,Sweet,Strawberry
16237,Floral,Hyacinth,Rose
8857,Fruity,Pear,Apple
6877,Floral,Grape,Neroli
7165,Floral,Medicinal,Fruity
21595,Floral,Fruity,Pear
8025,Fruity,Apple,Pineapple
5317247,Woody,Rose,Green
7797,Fruity,Sweet,Plum
31265,Fruity,Pineapple,Banana
7945,Fruity,Berry,Pineapple
10883,Fruity,Fresh,Green
21059,Gourmand,Sweet,Caramel
6501,Fruity,Strawberry,Floral
31283,Floral,Waxy,Violet
31251,Fruity,Rose,Tropical-Fruit
5364399,Fruity,Green,Pineapple
7799,Fruity,Fresh,Pineapple
5363269,Acidic,Fatty,Waxy
60979,Anisic,Licorice,Powdery
17365,Floral,Green,Rose
7749,Fruity,Apple,Pear
89803,Floral,Narcissus,Warm
12041,Fruity,Oily,Sweet
118199,Floral,Rose,Fruity
8365,Floral,Fruity,Sweet
5281163,Fruity,Sweet,Tropical-Fruit
429065,Fruity,Tropical-Fruit,Caramel
429065,Fruity,Tropical-Fruit,Caramel
5362583,Green,Pear,Oily
8467,Gourmand,Vanilla,Caramel
109457,Gourmand,Spicy,Vanilla
106997,Earthy,Woody,Mossy
7127,Spicy,Clove,Tea
13750367,Woody,Cedarwood,Pine
14525,Aromatic,Woody,Minty
94111,Woody,Amber,Dry
163267,Acidic,Neutral,Dry
7363,Food Like,Coffee,Roasted
518937,Sulfurous,Onion,Vegetable
12813,Fruity,Sweet,Peach
16821,Fruity,Oily,Peach
5363741,Woody,Floral,Powdery
285097,Floral,Gardenia,Fruity
7921,Herbal,Sweet,Tobacco
638011,Citrus,Sharp,Lemon
5367785,Floral,Rose,Minty
5367785,Floral,Geranium,Green
5367785,Floral,Geranium,Green
5367785,Floral,Geranium,Green
5367785,Floral,Geranium,Green
5353011,Floral,Green,Ylang
6437979,Floral,Rose,Balsamic
5365847,Fruity,Green,Light
5282109,Floral,Green,Rose
5365849,Floral,Rose,Green
6436989,Floral,Rose,Ozonic
5355853,Floral,Fruity,Tropical-Fruit
5367785,Floral,Geranium,Green
11521869,Herbal,Minty,Cooling
22311,Citrus,Grapefruit,Bitter
22311,Citrus,Fresh,Sharp
22311,Citrus,Fresh,Sharp
22311,Citrus,Grapefruit,Fresh
22311,Citrus,Fresh,Sharp
22311,Citrus,Fresh,Sharp
22311,Citrus,Fresh,Sharp
22311,Citrus,Fresh,Sharp
77777,Spicy,Woody,Smoky
61155,Spicy,Woody,Smoky
61453,Green,Fruity,Orange
8159,Fruity,Green,Citrus
8129,Aldehydic,Green,Fruity
17243,Green,Sweet,Fruity
5352557,Green,Floral,Fresh
95391,Tobacco like,Hay,Powdery
102491,Fruity,Floral,Violet
62575,Floral,Sweet,Green
8103,Fruity,Green,Apple
23235,Woody,Fresh,Balsamic
17525,Fruity,Green,Pineapple
61177,Fruity,Apple,Plum
22873,Fruity,Floral,Pear
61455,Fruity,Sweet,Green
221691,Floral,Sweet,Green
22629,Floral,Sweet,Herbal
637523,Fruity,Fresh,Green
23308253,Aromatic,Fruity,Herbal
23308253,Aromatic,Fruity,Herbal
1103,Citrus,Lime,Lavender
5463911,Floral,Muguet,Green
8863,Floral,Fresh,Lily
163281,Floral,Jasmin,warm
7193,Fruity,Balsamic,Apple
7795,Fruity,Sweet,Banana
5273467,Spicy,Warm,Cinnamon
16617,Fruity,Pineapple,Green
12613,Fruity,Banana,Apple
16255,Fruity,Pineapple,Chocolate
6321405,Herbal,Fresh,Pine
6950273,Herbal,Pine,Green
12859587,Herbal,Pine,Woody
61135,Fruity,Melon,Tropical-Fruit
7733,Fruity,Pineapple,Pear
5367807,Herbal,Green,Spicy
24515,Fruity,Grape,Floral
10885,Fruity,Sweet,Peach
7775,Fruity,Sweet,Pineapple
7351,Fruity,Pineapple,Peach
522171,Fruity,Grapefruit,Floral
10895,Fruity,Sweet,Fermented
6873,Floral,Herbal,Spicy
6561,Green,Floral,Aldehydic
106673,Woody,Balsamic,Sandalwood
16204527,Green,Fresh,Herbal
853433,Spicy,Clove,Floral
107519,Balsamic,Spicy,Floral
764139,Spicy,Powdery,Floral
93199,Aldehydic,Citrus,Orange
6435841,Floral,Waxy,Jasmin
11264493,Woody,Patchouli,Musty
5372195,Floral,Violet,Powdery
162413,Floral,Herbal,Fruity
10453,Floral,Jasmin,Fresh
166517,Floral,Balsamic,Cherry-Blossom
7915,Fruity,Sweet,Banana
86209,Floral,Fresh,Marine
170833,Minty,Herbal,Sweet
94579,Minty,Peppermint,Sweet
33865,Floral,Rose,Soft
112239,Floral,Sweet,Fruity
92043553,Floral,Sweet,Jasmin
92043553,Floral,Sweet,Jasmin
92043553,Floral,Sweet,Jasmin
92043553,Floral,Sweet,Jasmin
92043553,Floral,Sweet,Jasmin
92043553,Floral,Sweet,Jasmin
440967,Herbal,Pine,Woody
89479,Animal like,Creamy,Jasmin
93009,Woody,Herbal,Pine
330573,Minty,Herbal,Balsamic
8205,Floral,Citrus,Fresh
8193,Floral,Soft,Waxy
30247,Citrus,Bergamot,Herbal
7793,Floral,Rose,Fresh
91337,Woody,Pine,Apple
6850743,Citrus,Lemon,Herbal
6850743,Citrus,Lemon,Herbal
6850743,Citrus,Lemon,Herbal
11579,Gourmand,Caramel,Fruity
82229,Herbal,Earthy,Camphoraceous
64807,Floral,Neroli,Muguet
6549,Floral,Fresh,Lavender
102611,Herbal,Earthy,Berry
23535,Floral,Neroli,Ylang
31353,Floral,Tuberose,Lily
62321,Fruity,Bergamot,Banana
240119,Citrus,Bergamot,Lavender
251529,Floral,Rose,Muguet
525,Gourmand,Caramel,Acidic
26447,Minty,Herbal,Sweet
11586787,Minty,Cooling,Fresh
107561,Herbal,Minty,Green
10757,Spicy,Nutmeg,Woody
10757,Spicy,Nutmeg,Woody
10757,Spicy,Nutmeg,Woody
8369,Gourmand,Sweet,Caramel
9025,Gourmand,Spicy,Nutty
27867,Herbal,Minty,Fresh
27867,Herbal,Tea,Cooling
163529,Marine,Aldehydic,Floral
19223,Floral,Sweet,Fresh
18467,Gourmand,Sweet,Vanilla
105651,Floral,Fruity,Neroli
118521,Marine,Mossy,Aldehydic
6438191,Amber,Woody,Smoky
106799,Floral,Neroli,Green
106829,Citrus,Fresh,Ozonic
162275,Gourmand,Almond,Cherry
111355,Green,Citrus,Floral
44147575,Floral,Green,Sweet
5364409,Fruity,Green,Pineapple
13357,Fruity,Green,Apple
8137,Floral,Violet,Cucumber
14079,Fruity,Coconut,Oily
575405,Herbal,Pine,Citrus
519845,Fruity,Sweet,Pineapple
61641,Fruity,Pineapple,Grapefruit
61631,Fruity,Watermelon,Pear
5367719,Floral,Jasmin,Soft
106713,Woody,Spicy,Peppery
6435903,Balsamic,Earthy,Rubbery
7757,Fruity,Citrus,Green
8499,Spicy,Balsamic,Anisic
8635,Floral,Neroli,Fruity
78435,Woody,Mossy,Earthy
5362819,Fruity,Floral,Oily
121731,Citrus,Lemon,Lime
139743,Fruity,Sweet,Mango
162409,Floral,Fruity,Tuberose
23137209,Herbal,Green,Watery
102861,Floral,Fresh,Jasmin
8181,Balsamic,Waxy,Floral
162249,Floral,Jasmin,Green
11039,Fruity,Ethereal,Pineapple
5281929,Floral,Fresh,Magnolia
8139,Aldehydic,Waxy,Coconut
17623,Fruity,Soft,Strawberry
7151,Spicy,Herbal,Tobacco
8091,Fruity,Orange,Waxy
61151,Floral,Herbal,Hyacinth
19089,Floral,Rose,Jasmin
7559,Honey,Sweet,Floral
7455,Floral,Sweet,Anisic
605629,Fruity,Honey,Oily
4133,Herbal,Medicinal,Ylang
16751505,Woody,Floral,Violet
94349,Gourmand,Vanilla,Sweet
6669,Musk like,Sweet,Powdery
31253,Citrus,Herbal,Dry
10975,Citrus,Fresh,Floral
14235,Citrus,Fresh,Lavender
31291,Aldehydic,Waxy,Balsamic
10857465,Amber,Woody,Herbal
643779,Citrus,Fresh,Lemon
61275,Green,Floral,Neroli
5284507,Floral,Rose,Woody
6434513,Floral,Sweet,Citrus
1549025,Floral,Citrus,Rose
5365991,Fruity,Sweet,Berry
6429039,Floral,Rose,Herbal
62907,Minty,Herbal,Fresh
15037,Green,Plastic,Waxy
643731,Green,Cucumber,Fatty
31289,Aldehydic,Sweet,Orange
87813,Fruity,Pear,Green
108625,Aldehydic,Floral,Rose
5368785,Fruity,Citrus,Sweet
166257,Herbal,Fresh,Citrus
335,Animal like,Musty,Medicinal
118537,Musk like,Warm,Floral
161675,Woody,Fruity,Floral
1213,Fruity,Earthy,Soft
3034897,Floral,Ozonic,Melon
100939,Amber,Sage,Warm
162481,Herbal,Aromatic,Woody
111547,Ozonic,Herbal,Clean
20487,Balsamic,Vanilla,Hay
61431,Green,Floral,Citrus
24755581,Ozonic,Herbal,Citrus
228769,Floral,Rose,Honey
6835,Floral,Fruity,Rose
62161,Citrus,Fresh,Sharp
88267,Floral,Rose,Cyclamen
5355293,Musk like,Sweet,Berry
9856149,Musk like,Warm,Powdery
6436339,Musk like,Warm,Powdery
78653,Musk like,Warm,Powdery
54131551,Musk like,Fruity,Amber
162533,Green,Floral,Aldehydic
62385,Smoky,Spicy,Clove
14529,Fruity,Cherry,Sweet
7695,Floral,Anisic,Fruity
10231,Spicy,Green,Peppery
2879,Floral,Jasmin,Ylang
69091,Balsamic,Floral,Green
7463,Citrus,Lemon,Green
13129857,Food Like,Nutty,Woody
12217,Fruity,Sweet,Pineapple
6850741,Minty,Herbal,Camphoraceous
6850741,Minty,Herbal,Camphoraceous
6850741,Minty,Herbal,Camphoraceous
6850741,Minty,Herbal,Camphoraceous
6850741,Minty,Herbal,Camphoraceous
80585,Fruity,Green,Floral
5369459,Floral,Spicy,Balsamic
7711,Floral,Rose,Hyacinth
7655,Fruity,Honey,Floral
16741,Green,Fruity,Oily
7601,Floral,Rose,Balsamic
31225,Green,Hyacinth,Nasturtium
103655,Gourmand,Vanilla,Creamy
75033,Green,Floral,Aldehydic
8361,Balsamic,Floral,Ylang
60995,Floral,Green,Hyacinth
21895,Floral,Green,Honey
999,Honey,Floral,Sweet
8615,Floral,Sweet,Rose
7707,Green,Aldehydic,Floral
5280435,Floral,Waxy,Powdery
637195,Balsamic,Fruity,Jasmin
102553,Herbal,Pine,Green
6987,Herbal,Minty,Camphoraceous
9473,Fruity,Raspberry,Floral
61359,Green,Leafy,Woody
325,Spicy,Sweet,Aromatic
24473,Minty,Warm,Herbal
7461,Herbal,Citrus,Spicy
16441,Green,Fresh,Herbal
10819,Floral,Spicy,Woody
70129,Floral,Sweet,Coumarin
7731,Floral,Fresh,Ylang
173535,Fruity,Blueberry,Raspberry
6999977,Fruity,Sweet,Fermented
527,Fruity,Earthy,Nutty
16063805,Herbal,Fresh,Sage
162239,Fruity,Fermented,Sweet
7997,Fruity,Raspberry,Pear
1031,Fruity,Musty,Fermented
12293,Fruity,Pineapple,Green
61403,Floral,Green,Hyacinth
221641,Floral,Sweet,Honey
7803,Fruity,Sweet,Pineapple
228987,Floral,Muguet,Aldehydic
13669,Floral,Musk Like,Warm
7725,Spicy,Fruity,Almond
8797,Floral,Ylang,Phenolic
11505,Spicy,Cinnamon,Floral
7685,Floral,Lily,Fruity
60997,Floral,Narcissus,Hyacinth
442495,Minty,Sweet,Spearmint
55251157,Food Like,Nutty,Earthy
11980947,Spicy,Sweet,Aromatic
81263,Floral,Rose,Geranium
8833,Floral,Rose,Citrus
61093,Fruity,Rose,Citrus
7781,Floral,Rose,Geranium
1712087,Floral,Woody,Dry
91001317,Fruity,Fermented,Ethereal
102815,Green,Herbal,Leafy
73555481,Woody,Sandalwood,Creamy
73555481,Woody,Sandalwood,Creamy
12315259,Woody,Sandalwood,Creamy
163263,Balsamic,Amber,Sage
118641,Green,Galbanum,Sulfurous
118976605,Woody,Dry,Vetiver
44152459,Woody,Amber,Dry
7501,Floral,Balsamic,Powdery
22833361,Herbal,Camphoraceous,Minty
27209,Fruity,Apricot,Plum
11463,Citrus,Pine,Herbal
111037,Herbal,Lavender,Floral
578423,Balsamic,Fruity,Floral
16537,Floral,Lavender,Fruity
522673,Balsamic,Fruity,Floral
114531,Floral,Hyacinth,Green
121777,Floral,Green,Geranium
3024003,Floral,Rose,Green
6438319,Fruity,Floral,Jasmin
110747,Citrus,Lemon,Aldehydic
89385,Citrus,Herbal,Fresh
162479,Citrus,Fresh,Lily
86751,Citrus,Lemon,Lime
112457,Woody,Earthy,Fruity
61953,Herbal,Tea,Tobacco
6850745,Herbal,Aromatic,Spicy
6850745,Herbal,Aromatic,Spicy
6850745,Herbal,Aromatic,Spicy
6989,Herbal,Green,Smoky
5283345,Aldehydic,Earthy,Coriander
5282707,Green,Fruity,Sweet
5352461,Green,Apple,Banana
5352973,Green,Fruity,Apple
5352463,Green,Fruity,Apple
6437473,Floral,Woody,Balsamic
5364941,Green,Violet,Melon
5283335,Green,Cucumber,Oily
6995537,Herbal,Fruity,Minty
88481,Fruity,Apple,Woody
5283363,Aldehydic,Mandarin,Green
643139,Green,Apple,Pear
5352557,Fruity,Green,Banana
36081,Fruity,Apple,Balsamic
637563,Herbal,Anisic,Spicy
444539,Balsamic,Sweet,Cinnamon
5284503,Green,Leafy,Floral
853433,Spicy,Clove,Floral
5284507,Floral,Rose,Woody
26447,Herbal,Minty,Sweet
7007,Floral,Balsamic,Powdery
96509,Balsamic,Woody,Oily
110655,Herbal,Green,Fruity
86579,Green,Fruity,Pear
110977,Gourmand,Creamy,Sweet
25311,Aldehydic,Citrus,Green
30215,Food Like,Nutty,Savoury
13233,Fruity,Blackcurrant,Sulfurous
8185,Floral,Fresh,Ozonic
114601,Floral,Rose,Oily
9855795,Citrus,Fresh,Green
8063,Gourmand,Fruity,cocoa
7991,Acidic,Cheesy,Fruity
1183,Gourmand,Vanilla,Powdery
539829,Gourmand,Vanilla,Creamy
109455,Gourmand,Vanilla,Sweet
8419,Powdery,Sweet,Creamy
8347,Woody,Vetiver,Amber
8347,Woody,Vetiver,Amber
4133,Herbal,Medicinal,Ylang
4133,Herbal,Medicinal,Ylang
31211,Gourmand,Spicy,Sweet
261491,Herbal,Pine,Fruity
