smiles,binary_classification_Hepatobiliary disorders,binary_classification_Metabolism and nutrition disorders,binary_classification_Eye disorders,binary_classification_Investigations,binary_classification_Musculoskeletal and connective tissue disorders,binary_classification_Gastrointestinal disorders,binary_classification_Social circumstances,binary_classification_Immune system disorders,binary_classification_Reproductive system and breast disorders,"binary_classification_Neoplasms benign, malignant and unspecified (incl cysts and polyps)",binary_classification_General disorders and administration site conditions,binary_classification_Endocrine disorders,binary_classification_Surgical and medical procedures,binary_classification_Vascular disorders,binary_classification_Blood and lymphatic system disorders,binary_classification_Skin and subcutaneous tissue disorders,"binary_classification_Congenital, familial and genetic disorders",binary_classification_Infections and infestations,"binary_classification_Respiratory, thoracic and mediastinal disorders",binary_classification_Psychiatric disorders,binary_classification_Renal and urinary disorders,"binary_classification_Pregnancy, puerperium and perinatal conditions",binary_classification_Ear and labyrinth disorders,binary_classification_Cardiac disorders,binary_classification_Nervous system disorders,"binary_classification_Injury, poisoning and procedural complications"
C1C2CNCC1C3=CC4=NC=CN=C4C=C23,1,1,1,1,1,1,1,1,1,0,1,1,0,1,1,1,0,1,1,1,1,0,1,1,1,1
CC(C)NCC(COC1=CC=C(C=C1)CCOC)O,1,1,1,1,1,1,1,1,1,0,1,0,0,1,1,1,0,1,1,1,0,0,1,1,1,1
C(=N)(N)N,0,1,0,1,0,1,0,0,0,0,1,0,0,1,1,1,0,1,1,1,1,0,0,1,1,0
CCOC1=NC2=CC=CC(=C2N1CC3=CC=C(C=C3)C4=CC=CC=C4C5=NC(=O)ON5)C(=O)O,0,0,0,1,1,1,0,0,0,0,1,0,0,1,1,1,0,0,1,0,1,0,0,0,1,0
C(C(=O)O)C(CC(=O)O)(C(=O)O)O,1,1,0,1,0,1,0,0,0,0,1,0,0,1,0,0,0,0,0,1,0,0,0,0,1,1
CCC(C)(C)C(=O)O[C@H]1C[C@H](C=C2[C@H]1[C@H]([C@H](C=C2)C)CC[C@@H]3C[C@H](CC(=O)O3)O)C,1,1,1,1,1,1,1,1,1,1,1,1,0,1,1,1,0,1,1,1,1,1,1,1,1,1
CC(CCCC(C)(C)O)C1CCC2C1(CCCC2=CC=C3CC(CC(C3=C)O)O)C,0,1,1,1,1,1,0,1,0,1,1,0,0,1,1,1,0,1,1,1,1,0,0,1,1,1
CC1=C(C(=CC=C1)C)NC(=O)CN2CCN(CC2)CC(COC3=CC=CC=C3OC)O,0,1,1,1,1,1,0,0,1,0,1,0,0,1,1,1,0,0,1,1,1,0,1,1,1,1
C1CC(C2=CC=CC=C2C1)C3=NCCN3,0,0,0,0,0,0,0,0,0,0,1,0,0,0,0,1,0,1,1,1,0,0,0,1,1,0
CC1=NC=C(N=C1)C(=O)NCCC2=CC=C(C=C2)S(=O)(=O)NC(=O)NC3CCCCC3,1,1,1,1,1,1,0,1,0,0,1,1,0,1,1,1,1,1,1,1,1,0,1,1,1,1
CC(C)(C#N)C1=CC(=CC(=C1)CN2C=NC=N2)C(C)(C)C#N,1,1,1,1,1,1,1,1,1,1,1,1,1,1,1,1,0,1,1,1,0,0,0,1,1,1
C(CS)N,1,1,1,1,1,1,1,1,0,1,1,0,0,1,1,1,0,1,0,1,1,0,0,0,1,1
CN[C@@H]1CCC2=C(C1)C3=C(N2)C=CC(=C3)C(=O)N,0,1,1,1,1,1,1,1,1,0,1,0,1,1,1,1,0,1,1,1,1,0,1,1,1,1
CCCCS(=O)(=O)NC(CC1=CC=C(C=C1)OCCCCC2CCNCC2)C(=O)O,0,1,0,1,0,1,0,1,0,0,1,0,0,1,1,1,0,0,1,0,1,0,0,1,1,0
CCC1=CC=CC2=C1NC3=C2CCOC3(CC)CC(=O)O,1,1,1,1,1,1,0,1,1,0,1,0,0,1,1,1,0,1,1,1,1,0,1,1,1,1
C1=CC=C(C=C1)C(=O)C2=C(C(=CC=C2)CC(=O)N)N,0,1,1,1,1,1,0,1,1,0,1,0,0,1,0,1,1,1,0,0,0,1,0,0,1,0
CC(C)(C)NCC(C1=CC(=C(C=C1)O)CO)O,1,1,1,1,1,1,1,1,1,0,1,0,1,1,1,1,0,1,1,1,1,1,1,1,1,1
C1CC(C1)CN2CCC34C5C(CCC3(C2CC6=C4C(=C(C=C6)O)O5)O)O,0,0,1,1,1,1,0,1,0,0,1,0,0,1,0,1,0,0,1,1,1,1,1,1,1,1
CC1=CC(=C(C(=C1OC(=O)C)C)C)OCC(CNC(C)C)O,0,0,1,0,1,1,0,1,0,0,1,0,0,1,0,1,0,1,1,1,0,0,0,1,1,0
CC1=CC=C(C=C1)N(CC2=NCCN2)C3=CC(=CC=C3)O,0,0,0,1,1,1,0,0,0,0,1,0,0,1,0,1,0,0,1,0,0,0,0,1,1,1
C[C@H]1C[C@H]2[C@@H]3CC[C@@]([C@]3(C[C@@H]([C@@H]2[C@@]4(C1=CC(=O)C=C4)C)O)C)(C(=O)COC(=O)C)O,0,1,1,1,1,1,0,1,1,0,1,1,0,1,1,1,0,1,1,1,1,0,1,1,1,1
C[N+](C)(C)CCOC(=O)CCC(=O)OCC[N+](C)(C)C,0,1,0,1,1,1,0,1,0,0,1,0,0,1,0,1,1,0,1,0,1,0,0,1,1,1
CCC1=NC=CC(=C1)C(=S)N,1,1,1,1,0,1,0,1,1,0,0,1,0,1,1,1,0,0,0,1,0,0,0,0,1,0
CCN1CCCC1CNC(=O)C2=CC(=C(C=C2OC)N)S(=O)(=O)CC,0,1,1,1,1,1,0,1,1,0,1,1,0,1,1,1,0,1,1,1,0,1,0,1,1,1
COC1=C(C=C2C(=C1)C(=NC(=N2)N3CCN(CC3)C(=O)C4CCCO4)N)OC,1,1,1,1,1,1,1,1,1,0,1,0,1,1,1,1,0,1,1,1,1,0,1,1,1,1
CC1=C(SC(=N1)C2=CC(=C(C=C2)OCC(C)C)C#N)C(=O)O,1,1,1,1,1,1,1,1,1,0,1,1,0,1,1,1,0,1,1,1,1,0,1,1,1,1
C1=CC(=C(C=C1CCN)O)O,0,0,0,1,0,1,0,0,1,0,1,0,0,1,0,1,0,1,1,1,1,0,0,1,1,0
CC12CCC3C(C1CC(C2O)O)CCC4=C3C=CC(=C4)O,1,1,0,0,0,1,0,0,1,1,1,0,0,1,0,1,0,0,1,0,0,0,0,1,1,0
C(=O)(N)NO,1,1,1,1,1,1,0,1,1,1,1,0,0,1,1,1,0,1,1,1,1,0,0,0,1,1
CC(=O)OCC(=O)C1(CCC2C1(CC(C3C2CCC4=CC(=O)C=CC34C)O)C)O,1,1,1,1,1,1,0,1,1,0,1,1,0,1,0,1,1,1,1,1,0,0,1,1,1,1
CCN(CC)CC#CCOC(=O)C(C1CCCCC1)(C2=CC=CC=C2)O,0,1,1,1,1,1,1,1,1,0,1,0,1,1,0,1,0,1,1,1,1,0,1,1,1,1
CCCC(=O)NC1=CC(=C(C=C1)OCC(CNC(C)C)O)C(=O)C,0,1,1,1,1,1,0,0,1,0,1,0,0,1,1,1,0,1,1,1,1,0,1,1,1,0
CC(C)C1CCC(CC1)C(=O)NC(CC2=CC=CC=C2)C(=O)O,1,1,0,1,1,1,0,1,0,0,1,0,0,0,0,1,0,1,1,0,1,0,0,1,1,1
CC1=C(C=C(C=C1)NC2=NC=CC(=N2)N(C)C3=CC4=NN(C(=C4C=C3)C)C)S(=O)(=O)N,1,1,1,1,1,1,0,0,1,1,1,1,0,1,1,1,0,1,1,1,1,0,0,1,1,1
C[N+](C)(C)CCO,0,0,0,0,0,0,0,0,0,0,1,0,0,0,0,0,0,0,0,0,0,0,0,0,0,0
CN1C2CCCC1CC(C2)NC(=O)C3=NN(C4=CC=CC=C43)C,1,1,1,1,1,1,0,1,0,0,1,0,0,1,1,1,0,1,1,1,1,0,1,1,1,1
CC1=C(C(=NO1)C2=CC=CC=C2)C(=O)NC3C4N(C3=O)C(C(S4)(C)C)C(=O)[O-],1,0,0,1,1,1,0,1,0,0,1,0,0,1,1,1,0,1,1,0,1,0,0,0,0,0
CC1=CC(=CC=C1)NC2=C(C=NC=C2)S(=O)(=O)NC(=O)NC(C)C,0,1,0,1,1,1,0,0,1,0,1,0,0,1,1,1,0,1,1,1,0,0,0,1,1,1
CCC1(C(=O)NCNC1=O)C2=CC=CC=C2,0,1,1,0,1,1,0,0,0,0,1,0,0,0,1,1,1,0,0,1,0,0,1,0,1,0
CN1CCN(CC1)C(C2=CC=CC=C2)C3=CC=CC=C3,1,0,1,0,1,1,0,1,0,0,1,0,0,1,1,1,0,0,1,1,1,0,0,1,1,1
C1=CC(=CC=C1CCC2=CNC3=C2C(=O)N=C(N3)N)C(=O)N[C@H](CCC(=O)O)C(=O)O,1,1,1,1,1,1,0,1,0,1,1,0,0,1,1,1,0,1,1,1,1,0,0,1,1,1
CC1C2CCC3(C(C2(CCC1O)C)C(CC4C3(CC(C4=C(CCC=C(C)C)C(=O)O)OC(=O)C)C)O)C,1,1,1,1,1,1,0,1,0,0,1,0,0,1,1,1,0,1,0,0,1,0,0,1,1,1
C1CCC2=C(C1)C=CC=C2NC3=NCCN3,0,0,0,1,0,1,0,1,0,0,1,0,0,0,0,1,0,1,1,1,0,0,0,1,1,0
CC(C)CC1=CC=C(C=C1)C(C)C(=O)O,1,1,1,1,1,1,0,1,1,1,1,1,1,1,1,1,0,1,1,1,1,0,1,1,1,1
CCC[C@@H](C(=O)O)N[C@@H](C)C(=O)N1[C@H]2CCCC[C@H]2C[C@H]1C(=O)O,1,1,0,1,1,1,0,1,0,0,1,0,0,1,1,1,0,0,1,0,1,0,0,1,1,1
CC(C1=CC=C(C=C1)C(=O)C2=CC=CS2)C(=O)O,0,0,1,1,0,0,0,1,0,0,1,0,0,1,1,1,0,0,0,0,0,0,0,0,0,0
CCCCCCCC(=O)NC(CN1CCCC1)C(C2=CC3=C(C=C2)OCCO3)O,0,0,0,0,1,1,0,0,0,0,1,0,0,0,0,1,0,0,1,0,0,0,0,1,1,0
C#CCC(CC1=CN=C2C(=N1)C(=NC(=N2)N)N)C3=CC=C(C=C3)C(=O)N[C@@H](CCC(=O)O)C(=O)O,0,1,0,1,1,1,0,0,0,1,1,0,0,0,1,1,0,1,1,0,1,0,0,1,0,1
CC1=CC=C(C=C1)C(=O)C2=CC=C(N2C)CC(=O)[O-],1,0,1,1,0,1,0,1,0,0,1,0,0,0,1,1,0,1,1,0,1,0,1,1,1,0
CC(CC1=CC=C(C=C1)O)(C(=O)O)N,0,0,0,1,1,1,0,1,1,0,1,0,0,0,1,1,0,0,1,1,1,0,0,0,1,0
CC1=C(C(=CC=C1)C)NC(=O)C2CCCCN2C,0,1,1,1,1,1,0,1,0,0,1,0,1,1,0,1,0,1,1,1,1,0,1,1,1,1
CC(CCC1=CC=CC=C1)NCC(C2=CC(=C(C=C2)O)C(=O)N)O,1,1,1,1,1,1,0,1,1,0,1,1,0,1,1,1,0,0,1,1,1,0,1,1,1,0
CCCOC1=C(C=C(C=C1)C(=O)OCCN(CC)CC)N,1,0,1,1,0,0,0,0,0,0,1,0,0,1,0,1,0,0,0,0,0,0,0,0,0,0
C1C2=CC=CC=C2N(C3=CC=CC=C3C1=O)C(=O)N,1,1,1,1,1,1,1,1,1,0,1,1,1,1,1,1,0,1,1,1,1,0,1,1,1,1
CC12CC3CC(C1)(CC(C3)(C2)N)C,1,1,1,1,1,1,1,1,1,1,1,1,1,1,1,1,1,1,1,1,1,1,1,1,1,1
CO[C@@H]1[C@H]([C@@H]([C@@H](O[C@@H]1C(=O)[O-])O[C@H]2[C@@H](O[C@H]([C@H]([C@@H]2[O-])NOS(=O)(=O)O)OC)COS(=O)(=O)O)OS(=O)(=O)O)O,0,1,1,1,1,1,0,1,1,0,1,1,0,1,1,1,0,1,1,0,1,0,0,1,1,0
CN1C2CCC1CC(C2)OC(C3=CC=CC=C3)C4=CC=CC=C4,0,1,1,1,0,1,0,1,0,0,1,0,0,0,0,1,0,0,0,1,1,0,0,1,1,1
CN1CC[C@]23[C@@H]4[C@@H]1CC5=C2C(=C(C=C5)OC)O[C@H]3C(=O)CC4,0,1,0,1,1,1,0,1,1,0,1,0,0,1,1,1,0,1,1,1,1,0,1,0,1,1
CNS(=O)(=O)CCC1=CC2=C(C=C1)NC=C2C3CCN(CC3)C,0,1,1,1,1,1,0,1,1,1,1,1,0,1,1,1,0,1,1,1,1,0,1,1,1,1
CCN(C1=CC=CC(=C1)C2=CC=NC3=C(C=NN23)C#N)C(=O)C,1,1,1,1,1,1,1,1,1,0,1,1,1,1,1,1,0,1,1,1,1,0,1,1,1,1
C1=CC=C(C=C1)C2=C(OC(=N2)CCC(=O)O)C3=CC=CC=C3,1,1,1,1,0,1,0,1,0,0,1,0,0,1,1,1,0,1,1,1,1,0,1,1,1,1
C1CC(N(C1)C(=O)C(CC2=CN=CN2)NC(=O)C3CCC(=O)N3)C(=O)N,0,0,1,0,0,1,0,1,1,0,1,1,0,1,0,1,0,0,0,1,0,0,0,0,1,1
CC(C)(C)C(C=CC1=CC2=C(C=C1)OCO2)O,0,1,1,1,0,1,0,0,0,0,1,0,1,0,1,1,0,0,0,1,0,0,0,0,1,0
C1=CC=C(C=C1)N=NC2=C(N=C(C=C2)N)N,1,0,1,0,0,1,0,1,0,0,0,0,0,0,1,1,1,1,0,0,1,0,0,0,1,0
CCCC1=NC2=C(C=C(C=C2N1CC3=CC=C(C=C3)C4=CC=CC=C4C(=O)O)C5=NC6=CC=CC=C6N5C)C,1,1,1,1,1,1,0,1,1,0,1,0,0,1,1,1,0,1,1,1,1,0,1,1,1,1
CC(=O)NS(=O)(=O)C1=CC=C(C=C1)N,1,0,1,0,1,0,0,1,0,0,1,0,0,0,1,1,0,1,0,0,0,0,0,0,0,0
CC(CC1=CC=CC=C1)N,0,1,1,1,1,1,1,1,1,0,1,0,0,1,0,1,1,1,1,1,1,0,0,1,1,1
COC1=C(C=CC(=C1)NS(=O)(=O)C)NC2=C3C=CC=CC3=NC4=CC=CC=C42,1,1,1,1,1,1,0,1,0,0,1,0,0,1,1,1,1,1,1,1,1,0,0,1,1,1
C1CCC(CC1)(CC(=O)O)CN,1,1,1,1,1,1,1,1,1,1,1,1,1,1,1,1,0,1,1,1,1,0,1,1,1,1
CC(C)NCC(COC1=CC=CC=C1OCC=C)O,0,1,1,0,1,1,0,1,0,0,1,0,0,1,1,1,0,0,1,1,0,0,0,1,1,0
CNCC(C1=CC(=CC=C1)O)O,0,1,1,1,1,1,0,1,0,0,1,0,0,1,0,1,0,0,1,1,0,0,0,1,1,0
CC(C1=CC2=CC=CC=C2S1)N(C(=O)N)O,1,0,0,1,1,1,0,1,1,0,1,0,0,0,1,1,0,1,1,1,0,0,0,0,1,1
CC1=C(C(C(=C(N1)C)C(=O)OCC(C)C)C2=CC=CC=C2[N+](=O)[O-])C(=O)OC,1,1,1,1,1,1,1,1,1,0,1,1,1,1,1,1,0,1,1,1,1,0,1,1,1,1
CC(C[N+](C)(C)C)OC(=O)C,0,0,0,0,0,1,0,1,0,0,1,0,0,1,0,1,1,0,1,0,0,1,0,1,1,1
C1CCC(CC1)C(CC2CCCCN2)C3CCCCC3,1,1,1,1,1,1,1,0,0,0,1,0,0,1,0,1,0,1,0,1,1,0,0,1,1,1
CC(C)NCC(COC1=CC=CC2=CC=CC=C21)O,0,1,1,1,1,1,0,1,1,0,1,0,0,1,1,1,0,1,1,1,0,0,1,1,1,1
CC(=O)SC1CC2=CC(=O)CCC2(C3C1C4CCC5(C4(CC3)C)CCC(=O)O5)C,0,1,0,1,1,1,0,1,1,1,1,0,0,1,1,1,0,0,0,1,1,0,0,0,1,1
CCCCC(=O)N(CC1=CC=C(C=C1)C2=CC=CC=C2C3=NNN=N3)C(C(C)C)C(=O)O,1,1,1,1,1,1,0,1,1,0,1,0,0,1,1,1,0,1,1,1,1,0,1,1,1,1
CC(C(C1=CC=CC=C1)O)N,1,0,1,1,0,1,0,1,0,0,1,0,1,1,0,1,0,0,1,1,1,0,0,1,1,0
C1=CC=C(C=C1)CCCC(=O)O,0,1,0,1,0,1,0,0,1,0,1,0,0,1,1,1,0,0,0,1,1,0,0,1,1,1
C[C@]12CCC(=O)C=C1C[C@H](C3[C@]24C(O4)C[C@]5([C@H]3CC[C@@]56CCC(=O)O6)C)C(=O)OC,1,1,0,1,1,1,0,0,1,0,1,1,0,1,1,1,0,1,1,1,1,0,1,1,1,1
CN(CCC1=CC=C(C=C1)NS(=O)(=O)C)CCOC2=CC=C(C=C2)NS(=O)(=O)C,1,0,0,0,1,1,0,0,0,0,1,0,0,1,0,1,0,1,1,1,0,0,0,1,1,1
CC1=NC=C(N1CCO)[N+](=O)[O-],1,1,1,1,1,1,0,1,1,1,1,0,0,1,1,1,0,1,1,1,1,1,1,1,1,1
CC1=CC(=NO1)NS(=O)(=O)C2=CC=C(C=C2)N,1,1,1,1,1,1,0,1,0,0,1,0,0,1,1,1,0,1,1,1,1,0,1,1,1,1
CC1=C(N2C(C(C2=O)NC(=O)C(C3=CC=CC=C3)N)SC1)C(=O)O,1,0,0,1,1,1,0,1,1,0,1,0,0,1,1,1,0,1,0,1,1,0,0,0,1,1
C1C(C2=CC=CC=C2N(C3=CC=CC=C31)C(=O)N)O,1,1,1,1,1,1,0,1,0,0,1,0,0,1,1,1,0,1,1,1,0,0,1,0,1,0
CCCN1CCCCC1C(=O)NC2=C(C=CC=C2C)C,1,1,1,1,1,1,1,1,1,0,1,0,1,1,1,1,1,1,1,1,1,1,1,1,1,1
CC12CCC3C(C1CCC(=O)O2)CCC4=CC(=O)C=CC34C,0,1,0,1,0,1,0,0,0,0,1,0,0,0,0,1,0,0,0,0,0,0,0,0,1,0
CC1=C(SC=[N+]1CC2=CN=C(N=C2N)C)CCO,0,0,0,1,0,1,0,1,0,0,1,0,0,1,0,1,0,0,1,1,0,0,0,1,0,0
CC1=CC(=NC(=N1)OC(C(=O)O)C(C2=CC=CC=C2)(C3=CC=CC=C3)OC)C,1,1,0,1,1,1,0,1,1,0,1,0,0,1,1,1,0,1,1,1,1,0,0,1,1,1
C1C(C(=O)NO1)N,0,0,0,0,1,0,0,1,0,0,1,0,0,0,0,1,0,0,0,1,0,0,1,1,1,1
COC1=NC(=NC2=C1N=CN2[C@H]3[C@@H]([C@@H]([C@H](O3)CO)O)O)N,1,1,1,1,1,1,1,0,0,1,1,0,0,1,1,1,0,1,1,1,1,0,0,1,1,1
C1=CC(=CC=C1O)O,0,0,0,0,0,0,0,1,0,0,1,0,0,0,0,1,0,0,0,0,0,0,0,0,0,0
CCN1C=C(C(=O)C2=C1N=C(C=C2)C)C(=O)O,1,1,1,0,1,1,0,1,0,0,1,0,0,0,1,1,1,0,0,1,0,0,1,0,1,1
C1C(C(C(C(C1NC(=O)C(CCN)O)OC2C(C(C(C(O2)CO)O)N)O)O)OC3C(C(C(C(O3)CN)O)O)O)N,0,1,1,1,1,1,0,0,0,0,0,0,0,1,1,1,0,0,1,0,1,0,1,0,1,1
CC(C)NCC(C1=CC(=CC(=C1)O)O)O,0,1,1,1,1,1,0,1,0,0,1,0,0,1,0,1,0,1,1,1,0,0,0,1,1,0
CN(C)CCOC(=O)C(C1=CC=CC=C1)C2(CCCC2)O,0,0,1,1,0,1,0,0,0,0,1,0,1,1,0,1,0,1,0,1,1,0,1,1,1,1
CNS(=O)(=O)CC1=CC2=C(C=C1)NC=C2CCN(C)C,0,1,1,1,1,1,1,1,1,1,1,1,1,1,1,1,0,1,1,1,1,1,1,1,1,1
CC1=C(C(=C(C2=C1COC2=O)O)CC=C(C)CCC(=O)OCCN3CCOCC3)OC,1,1,1,1,1,1,1,1,1,1,1,1,0,1,1,1,1,1,1,1,1,1,1,1,1,1
CCC(CO)NC(=O)C1CN(C2CC3=CN(C4=CC=CC(=C34)C2=C1)C)C,0,0,1,1,1,1,0,0,1,0,1,0,0,1,1,1,0,0,1,1,1,0,0,1,1,1
CC(CC1=CC=CC=C1)N(C)CC2=CC=CC=C2,0,1,0,0,0,1,0,1,0,0,0,0,0,0,0,1,0,0,0,1,0,0,0,1,1,0
C(CN(CC(=O)O)CC(=O)O)N(CC(=O)O)CC(=O)O,0,1,1,1,1,1,0,0,0,0,1,0,0,1,1,1,0,0,1,0,1,0,0,0,1,0
CC1C(C(CC(O1)OC2CC(CC3=C(C4=C(C(=C23)O)C(=O)C5=C(C4=O)C=CC=C5OC)O)(C(=O)CO)O)[NH3+])O,1,1,1,1,1,1,1,1,1,1,1,0,1,1,1,1,1,1,1,1,1,0,1,1,1,1
CC1=C(C(CCC1)(C)C)C=CC(=CC=CC(=CCO)C)C,0,0,0,0,0,0,0,1,0,0,0,0,0,0,0,0,0,0,0,0,0,0,0,0,0,0
CC12CCC3C(C1CCC2(C#C)O)CCC4=CC5=C(CC34C)C=NO5,1,1,1,1,1,1,0,0,1,1,1,0,0,1,1,1,0,1,1,1,1,0,1,1,1,1
CCC1=C(C=C2CC(CC2=C1)NCC(C3=C4C=CC(=O)NC4=C(C=C3)O)O)CC,0,1,0,0,1,1,0,1,0,0,1,0,0,0,1,1,0,1,1,0,0,0,1,1,1,0
C1CNC[C@@H]1N2CC/C(=C\C3=C(N4[C@@H]([C@@H](C4=O)NC(=O)/C(=C\5/NSC(=N5)N)/N=O)SC3)C(=O)O)/C2=O,0,1,0,1,1,1,0,1,1,0,1,0,0,1,1,1,0,1,1,1,1,0,0,0,1,1
CCCCCC(C=CC1C(CC(=O)C1CC=CCCCC(=O)O)O)O,0,1,1,1,1,1,0,1,1,0,1,0,0,1,1,1,0,1,1,1,1,1,1,1,1,1
CCN(CC)CC(=O)NC1=C(C=CC=C1C)C,0,1,1,1,1,1,0,1,0,0,1,0,1,1,1,1,1,1,1,1,1,1,1,1,1,1
CC(=O)C[C@@H](C1=CC=C(C=C1)[N+](=O)[O-])C2=C(OC3=CC=CC=C3C2=O)[O-],1,1,0,1,0,1,0,1,1,1,1,0,0,1,1,1,1,0,0,0,1,0,0,0,0,0
CCCCC(C)(C)C(C=CC1C(CC(=O)C1CCCCC=CC(=O)OC)O)O,0,0,0,1,1,1,0,1,1,0,1,0,1,1,0,0,0,0,1,0,0,0,0,1,1,0
CC1=CC2=C(C=C1C(=C)C3=CC=C(C=C3)C(=O)O)C(CCC2(C)C)(C)C,1,1,1,1,1,1,1,1,1,1,1,1,0,1,1,1,1,1,1,1,1,0,1,1,1,1
C1C(C(C(C(N1CCO)CO)O)O)O,0,0,0,0,0,1,0,0,0,0,0,0,0,0,0,1,0,0,0,0,0,0,0,0,0,0
CN1CCC23C4C(=O)CCC2(C1CC5=C3C(=C(C=C5)O)O4)O,1,1,1,1,0,1,1,1,1,1,1,0,0,1,0,1,0,1,1,1,1,0,1,1,1,1
C=CC1=C(N2C(C(C2=O)NC(=O)C(=NOCC(=O)O)C3=CSC(=N3)N)SC1)C(=O)O,1,0,0,1,0,1,0,1,1,0,1,0,0,1,1,1,0,1,0,0,1,0,0,0,1,1
CC1(C2CCC(C2)C1(C)NC)C,0,1,1,0,0,1,0,0,1,0,1,0,0,1,0,0,0,0,1,1,1,0,0,0,1,1
CC12CCC3C(C1CCC2(C)O)CCC4C3(CC(=CO)C(=O)C4)C,1,0,0,1,1,1,0,0,1,1,1,0,0,1,1,1,0,1,0,1,0,0,0,0,0,0
CC1([C@@H]2[C@H]1[C@H](N(C2)C(=O)[C@H](C(C)(C)C)NC(=O)NC(C)(C)C)C(=O)NC(CC3CCC3)C(=O)C(=O)N)C,1,1,1,1,1,1,1,1,1,1,1,1,0,1,1,1,1,1,1,1,1,0,1,1,1,1
C1CCC(CC1)C(CCN2CCCCC2)(C3=CC=CC=C3)O,0,0,1,1,0,1,0,0,0,0,1,0,0,0,0,1,0,1,0,1,1,0,0,1,1,0
CN(C)C1=NC(=NC(=N1)N(C)C)N(C)C,0,1,0,1,0,1,0,0,0,1,1,0,0,0,1,0,0,0,0,1,0,0,1,0,1,1
CN1C2CC(CC1C3C2O3)OC(=O)C(CO)C4=CC=CC=C4,0,0,1,1,1,1,0,0,0,0,1,0,0,1,0,1,0,1,0,1,1,0,1,1,1,1
CC1=C(C(=CC=C1)C)OCC(C)N,1,0,1,1,1,1,0,1,1,1,1,0,0,1,1,1,0,1,1,1,1,0,1,1,1,1
C[N+]1(CCCC1)CC2=C(N3C(C(C3=O)NC(=O)C(=NOC)C4=CSC(=N4)N)SC2)C(=O)[O-],1,1,0,1,1,1,1,1,1,0,1,0,1,1,1,1,0,1,1,1,1,0,0,0,1,1
CC(C)CN(CC(C(CC1=CC=CC=C1)NC(=O)OC2CCOC2)O)S(=O)(=O)C3=CC=C(C=C3)N,1,1,0,1,1,1,0,0,1,0,1,0,0,0,1,1,0,1,0,1,1,0,0,1,1,1
CC1(C(N2C(S1)C(C2=O)NC(=O)COC3=CC=CC=C3)C(=O)[O-])C,0,0,0,1,0,1,0,1,0,0,0,0,0,0,1,1,0,0,1,0,1,0,0,0,1,0
C(=O)(O)O,0,1,0,0,0,1,0,0,0,0,1,0,0,0,0,1,0,1,1,1,0,0,0,1,1,0
CCC(=O)OCC(=O)C1(CCC2C1(CC(C3C2CCC4=CC(=O)C=CC34C)O)C)OC(=O)OCC,0,0,0,0,0,0,0,0,0,0,1,0,0,0,0,1,0,1,0,0,0,0,0,0,1,0
CC(=O)CCCCN1C(=O)C2=C(N=CN2C)N(C1=O)C,1,1,1,1,1,1,0,1,0,1,1,0,0,1,1,1,0,1,1,1,0,0,1,1,1,1
C#CCNC1CCC2=CC=CC=C12,1,1,1,1,1,1,0,1,1,1,1,0,0,1,1,1,0,1,1,1,1,0,1,1,1,1
CN1CCC23C=CC(CC2OC4=C(C=CC(=C34)C1)OC)O,1,1,1,1,1,1,0,1,0,0,1,0,0,1,1,1,0,1,1,1,1,0,1,1,1,1
CN(C)CCC1=CNC2=C1C=C(C=C2)CN3C=NC=N3,0,1,1,1,1,1,0,1,1,0,1,0,0,1,0,1,0,1,1,1,1,0,1,1,1,1
CC(=O)NC1C(C=C(OC1C(C(CO)O)O)C(=O)O)N=C(N)N,0,1,0,1,1,1,0,1,0,0,1,0,0,1,1,1,0,1,1,1,0,0,1,1,1,1
C1=CC=C(C=C1)NS(=O)(=O)C2=CC=CC(=C2)/C=C/C(=O)NO,1,1,0,1,0,1,0,0,0,1,1,0,0,1,1,1,0,1,1,0,0,0,0,1,1,1
CC(C)CC1CN2CCC3=CC(=C(C=C3C2CC1=O)OC)OC,0,1,1,1,1,1,0,0,1,0,1,0,0,1,1,1,0,1,1,1,1,0,0,1,1,1
C([C@@H]1[C@H]([C@@H]([C@H]([C@H](O1)O)NS(=O)(=O)O)O)O[C@H]2[C@@H]([C@H]([C@@H]([C@@H](O2)C(=O)O)O)O)OS(=O)(=O)O)OS(=O)(=O)O,1,1,1,1,1,1,0,1,1,1,1,1,1,1,1,1,1,1,1,1,1,1,0,1,1,1
CC(CC1=CC=CC=C1)NC,0,0,0,0,0,1,0,1,1,0,0,0,0,0,0,1,1,0,0,1,0,0,0,1,1,0
CC1(C(N2C(S1)C(C2=O)NC(=O)C(C3=CC=C(C=C3)O)N)C(=O)O)C,1,1,0,1,0,1,0,1,0,0,1,0,0,1,1,1,0,1,0,1,1,0,0,0,1,1
CCCC1=NN(C2=C1NC(=NC2=O)C3=C(C=CC(=C3)S(=O)(=O)N4CCN(CC4)C)OCC)C,0,1,1,1,1,1,0,1,1,1,1,1,1,1,1,1,1,1,1,1,1,0,1,1,1,1
C[C@@H]1[C@@H]2[C@H](C(=O)N2C(=C1S[C@H]3CC[C@H](N3)C(=O)N(C)C)C(=O)O)[C@@H](C)O,1,1,0,1,1,1,0,1,1,0,1,0,0,1,1,1,0,1,1,1,1,0,0,1,1,1
CC(C)C(CCCN(C)CCC1=CC(=C(C=C1)OC)OC)(C#N)C2=CC(=C(C=C2)OC)OC,1,0,1,1,1,1,0,1,1,0,1,1,0,1,0,1,1,1,1,1,1,0,1,1,1,1
CC(C)[C@@H](C(=O)OCC(CO)OCN1C=NC2=C1NC(=NC2=O)N)N,1,1,1,1,1,1,1,1,1,1,1,0,0,1,1,1,0,1,1,1,1,0,1,1,1,1
CC1=CC(=NO1)C(=O)NNCC2=CC=CC=C2,0,0,1,0,0,1,0,0,1,0,1,1,0,1,0,1,0,0,0,1,1,0,0,1,1,1
CC1=C(N2C(C(C2=O)NC(=O)C(C3=CC=C(C=C3)O)N)SC1)C(=O)O,1,0,0,1,1,1,0,1,1,0,1,0,0,1,1,1,0,1,0,1,1,0,1,0,1,1
C/C=C(/C)\C(=O)O[C@H]1C(=C[C@@]23[C@@]1([C@@H](C(=C[C@H](C2=O)[C@H]4[C@H](C4(C)C)C[C@H]3C)CO)O)O)C,0,0,1,0,0,0,0,0,0,0,1,0,0,0,0,1,0,1,0,0,0,0,0,0,1,0
CCS(=O)(=O)CCN1C(=NC=C1[N+](=O)[O-])C,0,1,0,1,1,1,0,1,1,0,1,0,0,1,1,1,0,1,1,1,1,0,1,1,1,1
COC(=O)C(C1CCCCN1)C2=CC=CC=C2,1,1,1,1,1,1,1,1,1,1,1,0,0,1,1,1,1,1,1,1,1,0,1,1,1,1
C1=COC(=C1)CNC2=NC=NC3=C2NC=N3,0,0,1,1,0,0,0,1,0,0,1,0,0,1,0,1,0,1,0,0,0,0,0,0,0,1
CCOC(=O)N1C=CN(C1=S)C,1,0,0,1,1,1,0,1,0,0,1,0,0,1,1,1,0,1,1,1,0,0,0,0,1,1
CCC1=C(NC2=C1C(=O)C(CC2)CN3CCOCC3)C,0,0,1,1,1,1,1,0,1,0,0,0,1,1,1,1,0,0,1,1,1,0,0,1,1,0
CCCC(CCC)C(=O)O,1,1,1,1,1,1,1,1,1,1,1,1,1,1,1,1,1,1,1,1,1,1,1,1,1,1
CC(C)NC1=C(N=CC=C1)N2CCN(CC2)C(=O)C3=CC4=C(N3)C=CC(=C4)NS(=O)(=O)C,1,1,1,1,1,1,1,1,1,1,1,0,1,1,1,1,1,1,1,1,1,0,1,1,1,1
CCOC1=NC2=CC=CC(=C2N1CC3=CC=C(C=C3)C4=CC=CC=C4C5=NNN=N5)C(=O)O,1,1,0,1,1,1,0,0,0,0,1,0,0,1,1,1,0,1,1,1,1,0,1,1,1,0
CNCCC=C1C2=CC=CC=C2CCC3=CC=CC=C31,1,1,1,1,0,1,0,1,1,0,1,1,0,1,1,1,0,1,1,1,1,0,1,1,1,1
CCCCCC(C=CC1C(CC2C1CC(=CCCCC(=O)O)O2)O)O,1,1,0,1,1,1,0,1,0,0,1,1,1,1,1,1,0,1,1,1,1,0,0,1,1,1
C[C@H](C=C[C@H](C)C(C)(C)O)[C@H]1CC[C@@H]2[C@@]1(CCCC2=CC=C3C[C@H](C[C@@H](C3)O)O)C,0,1,1,1,1,1,0,1,1,1,1,1,1,1,1,1,0,1,1,1,1,0,1,1,1,1
CC(C1=CC=C(S1)C(=O)C2=CC=CC=C2)C(=O)O,0,1,1,1,1,1,0,1,1,0,1,0,0,1,1,1,0,1,1,1,1,0,1,1,1,1
CCC(=O)C(CC(C)N(C)C)(C1=CC=CC=C1)C2=CC=CC=C2,1,1,1,1,1,1,0,1,1,0,1,1,0,1,1,1,0,1,1,1,1,0,1,1,1,1
CCCCCCCCCCCCCCOS(=O)(=O)O,0,0,0,0,0,1,0,1,0,0,1,0,0,0,0,1,0,0,1,0,0,0,0,0,1,1
CCC1(C2=C(COC1=O)C(=O)N3CC4=C(C3=C2)N=C5C=CC(=C(C5=C4)CN(C)C)O)O,1,1,0,1,1,1,0,1,1,1,1,0,0,1,1,1,0,1,1,0,0,0,1,1,1,0
CN1CCC23C4C1CC5=C2C(=C(C=C5)O)OC3C(C=C4)O,1,1,1,1,1,1,1,1,1,1,1,1,1,1,1,1,0,1,1,1,1,1,1,1,1,1
CNC(=O)C1=CN(N=C1)C2=NC3=C(C(=N2)N)N=CN3[C@H]4[C@@H]([C@@H]([C@H](O4)CO)O)O,0,0,1,1,1,1,0,1,0,0,1,0,1,1,0,1,0,0,1,1,1,0,1,1,1,1
CS(=O)(=O)C1=CC=C(C=C1)C2=C(C(=O)OC2)C3=CC=CC=C3,1,1,1,1,1,1,1,1,1,1,1,0,0,1,1,1,1,1,1,1,1,0,1,1,1,1
CC(C)(CC1=CC=C(C=C1)OC)NCC(C2=CC(=CC3=C2OCC(=O)N3)O)O,0,0,0,1,1,1,0,0,0,1,0,0,0,0,0,1,0,1,1,0,0,0,0,1,1,0
C1CC(N(C1)C(=O)C(CCCCN)NC(CCC2=CC=CC=C2)C(=O)O)C(=O)O,1,1,1,1,1,1,0,1,1,1,1,1,0,1,1,1,1,1,1,1,1,0,1,1,1,1
CN1CCCCC1CCN2C3=CC=CC=C3SC4=C2C=C(C=C4)SC,1,1,1,1,1,1,0,1,1,0,1,0,0,1,1,1,0,0,1,1,1,0,0,1,1,0
CN1C(=O)C=C(N(C1=O)CC2=CC=CC=C2C#N)N3CCCC(C3)N,1,1,0,0,0,1,0,1,0,0,0,0,0,0,0,1,0,1,0,0,0,0,0,0,1,0
CN(C)CCC1=CNC2=C1C=C(C=C2)CS(=O)(=O)N3CCCC3,0,1,1,1,1,1,1,1,1,0,1,0,1,1,0,1,0,1,1,1,0,0,1,1,1,1
C(CC(=O)O)CO,1,1,1,1,1,1,1,1,1,0,1,0,0,1,1,1,0,1,1,1,1,0,1,1,1,1
C[N+](C)(C)CCOC(=O)N,0,0,1,0,1,1,0,0,0,0,1,0,0,1,0,1,0,0,1,0,0,0,0,1,1,0
CC(C=CC(C1CC1)O)C2CCC3C2(CCCC3=CC=C4CC(CC(C4=C)O)O)C,0,1,0,0,0,0,0,1,0,0,1,0,0,0,0,1,0,1,0,0,0,0,0,0,1,0
CCC(CO)NCCNC(CC)CO,1,1,1,1,1,1,0,1,0,0,1,0,0,0,1,1,1,1,1,1,1,0,0,1,1,1
COC1=CC2=C(C=CN=C2C=C1)C(C3CC4CCN3CC4C=C)O,1,1,1,1,1,1,0,1,1,0,1,0,1,1,1,1,1,1,1,1,1,0,1,1,1,1
CC(C)CN1C=NC2=C1C3=CC=CC=C3N=C2N,1,1,1,1,1,1,1,1,1,1,1,1,0,1,1,1,1,1,1,1,1,1,1,1,1,1
CN(C)C(=N)N=C(N)N,1,1,1,1,1,1,0,1,1,0,1,0,0,1,1,1,0,1,1,1,1,0,1,1,1,1
CC1C(C(=O)N1S(=O)(=O)O)NC(=O)C(=NOC(C)(C)C(=O)O)C2=CSC(=N2)N,1,0,1,1,1,1,0,1,1,0,1,0,0,1,1,1,0,1,1,1,0,0,1,1,1,1
CCCCC(=O)O[C@@]1(CCC2C1(CC(C3C2CCC4=CC(=O)CCC34C)O)C)C(=O)CO,0,0,0,0,1,1,0,0,0,0,1,1,0,0,0,1,0,1,0,0,0,0,0,0,0,0
CC1(C(N2C(S1)C(C2=O)NC(=O)C(C3=CC=CC=C3)N)C(=O)[O-])C,0,0,0,1,0,1,0,1,0,0,0,0,0,0,1,1,0,1,1,0,0,0,0,0,0,0
CN(C)CC1CCCCC1(C2=CC(=CC=C2)OC)O,1,1,1,1,1,1,1,1,1,1,1,1,1,1,1,1,1,1,1,1,1,0,1,1,1,1
CC1=C(SC=C1)C(=CCCN2CCCC(C2)C(=O)O)C3=C(C=CS3)C,1,1,1,1,1,1,1,1,1,1,1,1,1,1,1,1,0,1,1,1,1,1,1,1,1,1
C1=CC(=CC=C1C(=O)NCC(=O)O)N,0,0,0,0,1,1,0,1,0,0,1,0,0,1,0,1,0,0,0,0,0,0,0,0,1,0
C1CCC(CC1)N2C(=NN=N2)CCCCOC3=CC4=C(C=C3)NC(=O)CC4,1,1,1,1,1,1,0,0,1,0,1,0,1,1,1,1,0,1,1,1,1,0,1,1,1,1
CCCCCCCC(=O)CCC1C(CC(C1CC=CCCCC(=O)O)O)O,0,1,1,0,1,1,0,1,0,0,1,0,0,1,0,1,1,1,1,1,0,0,0,1,1,1
CCCCCCC(C)(C)C1=CC2=C(C3CC(=O)CCC3C(O2)(C)C)C(=C1)O,0,1,1,1,1,1,1,1,1,0,1,0,1,1,1,1,0,1,1,1,1,0,1,1,1,1
CC(=O)NCCC1=CNC2=C1C=C(C=C2)OC,1,1,1,1,1,1,0,1,1,0,1,0,0,1,1,1,0,1,0,1,1,0,1,1,1,0
CC(C)C(C(=O)OCCOCN1C=NC2=C1NC(=NC2=O)N)N,1,1,0,1,1,1,0,1,1,0,1,0,0,1,1,1,0,1,1,1,1,0,0,1,1,1
CC(=O)NC1=CC=C(C=C1)O,1,1,1,1,1,1,0,1,1,0,1,0,1,1,1,1,0,1,1,1,1,0,0,1,1,1
CN\1C=CC=C/C1=C\[NH+]=O,0,0,1,1,1,1,0,0,0,0,1,0,0,1,0,0,0,0,1,1,0,0,0,1,1,0
CC1=CNN=C1,0,1,1,1,1,1,0,0,0,0,1,0,0,1,1,1,0,1,1,1,1,0,1,1,1,1
CCC(=O)NC[C@@H]1C[C@@H]1C2=C3CCOC3=CC=C2,0,0,0,1,0,0,0,0,0,0,0,0,0,0,0,0,0,1,0,1,0,0,0,0,1,0
CC(C)[C@H](CC1=CC(=C(C=C1)OC)OCCCOC)C[C@@H]([C@H](C[C@@H](C(C)C)C(=O)NCC(C)(C)C(=O)N)O)N,1,1,1,1,1,1,0,1,0,1,1,0,0,1,1,1,0,1,1,1,1,0,1,1,1,1
C1[C@H]([C@@H]([C@H]([C@@H](O1)O[C@@H]2CO[C@H]([C@@H]([C@H]2OS(=O)(=O)O)OS(=O)(=O)O)O)OS(=O)(=O)O)OS(=O)(=O)O)O,1,1,1,1,1,1,0,1,1,1,1,0,0,0,1,1,0,1,1,1,1,0,1,1,1,0
C1CC[N+]2(C1)C3CCC2CC(C3)OC(=O)C(C4=CC=CC=C4)(C5=CC=CC=C5)O,0,1,1,1,1,1,0,1,1,0,1,1,0,1,1,1,0,1,1,1,1,0,1,1,1,0
CC1=CN=C(C=[N+]1[O-])C(=O)O,0,0,0,0,1,1,0,1,0,0,1,0,1,1,0,1,0,0,1,0,0,0,0,0,1,0
C1C(=O)NC(=O)N1N=CC2=CC=C(O2)[N+](=O)[O-],1,1,1,1,1,1,0,1,0,0,1,0,0,1,1,1,1,1,1,1,1,0,1,1,1,0
CC(=O)[O-],0,1,0,0,0,0,0,0,0,0,1,0,0,0,0,0,0,0,0,0,1,0,0,0,0,0
C1CCC2(C3CC4=C(C2(C1)CCN3CC5CCC5)C=C(C=C4)O)O,0,1,1,1,1,1,1,0,0,0,1,0,1,1,0,1,0,1,1,1,0,0,1,1,1,1
C[C@@H](C(=O)N1CC2=CC=CC=C2C[C@H]1C(=O)O)N[C@@H](CCC3=CC=CC=C3)C(=O)O,1,1,1,1,1,1,0,1,1,0,1,0,1,1,1,1,0,1,1,1,1,0,1,1,1,1
C1=CC(=CC=C1CN)S(=O)(=O)N,0,1,0,1,0,1,0,0,0,0,1,0,0,1,1,1,1,0,1,0,0,0,0,0,1,1
CCC12CC(=C)C3C(C1CC[C@]2(C#C)O)CCC4=CC(=O)CCC34,1,1,1,1,1,1,0,1,1,1,1,0,1,1,0,1,1,1,1,1,1,1,0,0,1,1
CCCCC[C@@](C)(C=C[C@H]1[C@@H](C[C@@H]([C@@H]1CC=CCCCC(=O)O)O)O)O,0,0,1,1,1,1,0,1,1,0,1,1,0,1,0,1,0,1,1,1,0,0,1,1,1,1
CC(C)C(=O)OCC(=O)[C@@]12[C@@H](C[C@@H]3[C@@]1(C[C@@H]([C@H]4[C@H]3CCC5=CC(=O)C=C[C@]45C)O)C)OC(O2)C6CCCCC6,0,1,1,1,1,1,0,1,0,0,1,1,0,1,0,1,0,1,1,0,0,0,1,1,1,1
C(CN(CC(=O)O)CC(=O)O)N(CCN(CC(=O)O)CC(=O)O)CC(=O)O,0,0,0,0,0,1,0,1,1,0,1,0,0,0,0,1,0,0,1,0,0,0,0,0,1,0
CC(CN1C2=CC=CC=C2CCC3=CC=CC=C31)CN(C)C,1,1,1,1,0,1,0,0,1,0,1,1,0,1,1,1,0,0,1,1,1,0,1,1,1,1
C1C(C(OC1N2C=NC3=C2NC=NCC3O)CO)O,1,1,1,1,1,1,1,1,1,1,1,0,0,1,1,1,0,1,1,1,1,0,1,1,1,1
CC(CCC(=O)O)C1CCC2C1(C(CC3C2C(CC4C3(CCC(C4)O)C)O)O)C,1,0,0,1,0,1,0,0,0,0,1,0,0,0,0,1,0,0,0,0,0,0,0,0,1,0
CC1CC2C3CCC(C3(CC(C2C4(C1=CC(=O)C=C4)C)O)C)(C(=O)CO)O,1,1,1,1,1,1,0,1,1,0,1,1,0,1,1,1,1,1,1,1,1,0,1,1,1,1
CCOC(=O)C(CCC1=CC=CC=C1)NC(C)C(=O)N2C3CCCC3CC2C(=O)O,1,1,1,1,1,1,0,1,1,0,1,1,0,1,1,1,0,1,1,1,1,0,1,1,1,1
C1=CC=C(C=C1)CCNN,1,1,1,1,1,1,0,0,1,0,1,0,0,1,1,1,0,0,1,1,1,0,0,1,1,1
CCOC(=O)C(CCC1=CC=CC=C1)NC2CCCN3CCCC(N3C2=O)C(=O)O,1,1,1,1,1,1,0,1,1,0,1,0,0,1,1,1,0,1,1,1,1,0,1,1,1,1
C1=CC2=C(C(=C1)OCC(COC3=CC=CC4=C3C(=O)C=C(O4)C(=O)[O-])O)C(=O)C=C(O2)C(=O)[O-],1,0,1,1,1,1,0,1,0,0,1,0,0,1,1,1,0,1,1,1,1,0,1,1,1,1
C(CNCCNCCN)N,0,1,0,0,1,1,0,0,0,0,1,0,0,0,1,0,0,0,0,0,0,0,0,0,1,0
C1=CC(=CC=C1N)S(=O)(=O)C2=CC=C(C=C2)N,0,1,1,1,1,1,0,0,1,0,1,0,0,0,0,1,1,1,1,1,1,0,1,1,1,1
C(C(CS)S)O,0,0,1,1,1,1,0,0,0,0,1,0,0,0,0,1,0,1,1,1,0,0,0,1,1,0
CC1=NN=C(S1)SCC2=C(N3C(C(C3=O)NC(=O)CN4C=NN=N4)SC2)C(=O)[O-],1,1,0,1,0,1,0,1,1,0,1,0,0,1,1,1,0,1,0,1,1,0,0,0,1,1
CC(OC(=O)C)OC(=O)C1=C(CS[C@H]2N1C(=O)[C@H]2NC(=O)C(=NOC)C3=CC=CO3)COC(=O)N,1,1,0,1,1,1,1,1,1,0,1,0,0,1,1,1,0,1,1,1,1,0,0,1,1,1
CCC(CO)NC(=O)C1CN(C2CC3=CNC4=CC=CC(=C34)C2=C1)C,0,1,0,0,1,1,0,1,0,0,1,0,0,1,0,1,0,0,1,1,1,1,1,1,1,1
C1CCN(C1)CCOC2=CC=C(C=C2)[C@H]3[C@H](CCC4=C3C=CC(=C4)O)C5=CC=CC=C5,1,1,1,1,1,1,0,1,1,1,1,1,0,1,1,1,1,1,1,1,1,0,1,1,1,1
CCN1CCN(C(=O)C1=O)C(=O)NC(C2=CC=CC=C2)C(=O)NC3C4N(C3=O)C(C(S4)(C)C)C(=O)[O-],1,1,0,1,1,1,0,1,0,0,1,0,0,1,1,1,0,1,1,1,1,0,0,0,1,1
COC1=CC=CC=C1OCC(COC(=O)N)O,1,0,1,1,0,1,0,1,0,0,1,0,0,1,1,1,0,1,1,1,0,0,1,1,1,1
CN1CCC(=C2C3=CC=CC=C3C=CC4=CC=CC=C42)CC1,1,1,1,1,0,1,0,0,0,0,1,0,0,1,1,1,0,1,1,1,1,0,1,1,1,1
CN(C(=O)NC1C(C(C(OC1O)CO)O)O)N=O,1,1,0,1,0,1,0,0,0,1,1,0,0,0,1,1,1,0,0,1,1,0,0,0,1,1
CC1=CN=C(C(=C1OC)C)CS(=O)C2=NC3=C(N2)C=C(C=C3)OC,1,1,1,1,1,1,0,1,1,1,1,1,0,1,1,1,0,1,1,1,1,0,1,1,1,1
CC1=CC(=O)N(C(=C1)C2CCCCC2)O,0,0,1,0,0,0,0,1,0,0,1,0,0,0,0,1,0,0,0,0,0,0,0,1,1,0
CC12CC(=O)C3C(C1CCC2(C(=O)CO)O)CCC4=CC(=O)C=CC34C,1,1,1,1,1,1,0,1,1,0,1,1,0,1,1,1,1,1,1,1,1,0,1,1,1,1
CC1=C(C=CN=C1CS(=O)C2=NC3=CC=CC=C3N2)OCCCOC,1,1,1,1,1,1,0,1,1,1,1,1,1,1,1,1,1,1,1,1,1,0,1,1,1,1
CON=C(C1=CC=CO1)C(=O)NC2C3N(C2=O)C(=C(CS3)COC(=O)N)C(=O)[O-],1,1,0,1,1,1,1,1,1,0,1,0,0,1,1,1,0,1,1,1,1,0,0,1,1,1
CC(=O)[C@]1(CC[C@@H]2[C@@]1(CC[C@H]3[C@H]2CCC4=CC(=O)CC[C@]34C)C)O,0,0,0,1,0,1,0,1,1,0,1,0,0,1,0,1,0,1,1,0,0,1,0,0,1,0
CC1=CN(C(=O)NC1=O)C2C=CC(O2)CO,1,1,0,1,1,1,1,1,1,0,1,1,0,0,1,1,0,1,1,1,1,1,0,0,1,1
CCC(=O)O[C@](CC1=CC=CC=C1)(C2=CC=CC=C2)[C@H](C)CN(C)C,1,1,1,1,1,1,0,1,0,0,1,0,0,1,0,1,0,0,1,1,0,0,0,1,1,1
C1=CC(=CC=C1C(=O)NCCC(=O)O)N/N=C/2\C=CC(=O)C(=C2)C(=O)O,1,1,0,1,1,1,0,0,1,0,1,0,0,1,1,1,0,1,1,1,1,0,0,1,1,1
CN(CCCN1CCC2=CC(=C(C=C2CC1=O)OC)OC)C[C@H]3CC4=CC(=C(C=C34)OC)OC,0,1,1,1,1,1,0,0,0,0,1,0,0,1,1,1,0,0,1,0,0,0,1,1,1,1
CC1CC2=C(CCC(=O)C2)C3C1C4CCC(C4(CC3)C)(C#C)O,1,0,1,1,1,1,0,0,1,1,1,0,0,1,0,1,0,1,1,0,0,0,0,1,1,0
C1CCC2(C1)CC(=O)N(C(=O)C2)CCCCN3CCN(CC3)C4=NC=CC=N4,0,1,1,1,1,1,1,1,1,0,1,0,0,1,1,1,0,1,1,1,1,0,1,1,1,1
CC(C1=CC=CC(=C1)C(=O)C2=CC=CC=C2)C(=O)O,1,1,1,1,1,1,0,1,1,0,1,0,1,1,1,1,0,1,1,1,1,0,1,1,1,1
CN1C(=NN=N1)SCC2=C(N3C([C@@](C3=O)(NC(=O)C4SC(=C(C(=O)N)C(=O)O)S4)OC)SC2)C(=O)O,1,0,0,1,0,1,0,1,1,0,1,0,0,1,1,1,0,1,0,0,1,0,0,0,1,1
CCC1(C(=O)NC(=O)NC1=O)C2=CC=CC=C2,1,1,0,1,1,1,1,1,0,0,1,0,0,1,1,1,1,0,1,1,1,0,1,1,1,0
C[C@@H](C(=O)N1CC2=CC(=C(C=C2C[C@H]1C(=O)O)OC)OC)N[C@@H](CCC3=CC=CC=C3)C(=O)O,1,1,0,1,1,1,0,1,0,0,1,0,0,1,1,1,0,1,1,1,1,0,1,1,1,0
CC(C)(C1=CC=C(C=C1)C(CCCN2CCC(CC2)C(C3=CC=CC=C3)(C4=CC=CC=C4)O)O)C(=O)O,0,1,1,1,1,1,0,1,1,0,1,0,0,1,0,1,0,1,1,1,1,0,1,1,1,1
CC(C)N(CCC(C1=CC=CC=C1)(C2=CC=CC=N2)C(=O)N)C(C)C,1,1,1,1,1,1,0,0,1,0,1,0,0,1,1,1,0,0,1,1,1,0,1,1,1,1
CN1C=CNC1=S,1,0,0,1,1,1,0,1,0,0,1,0,0,0,1,1,0,0,0,0,1,0,1,0,1,0
CCC12CCC3C(C1CCC2(C#C)O)CCC4=CC(=O)CCC34,0,1,1,1,1,1,0,1,1,1,1,1,0,1,1,1,0,1,1,1,1,1,1,1,1,1
CNCCC1=CC=CC=N1,0,0,0,0,0,1,0,1,0,0,1,0,1,1,0,1,0,0,1,1,0,0,0,1,1,1
CC1=C2C(=NC=C1)N(C3=C(C=CC=N3)C(=O)N2)C4CC4,1,1,0,1,1,1,0,1,1,0,1,1,1,0,1,1,1,1,0,0,1,0,0,0,1,1
C1[C@H]([C@@H]2[C@H](O1)[C@H](CO2)O)O,0,1,1,1,1,1,1,1,1,0,1,0,0,1,1,1,0,1,1,1,1,0,1,1,1,0
C(=NC(=N)N)(N)N,0,0,0,0,0,0,0,1,0,0,1,0,0,0,0,1,0,0,0,0,0,0,0,0,0,0
C1=CC=C2C(=C1)C(=O)OC23C4=C(C=C(C=C4)O)OC5=C3C=CC(=C5)O,0,0,1,0,0,1,0,1,1,1,1,0,1,1,0,1,0,0,1,0,1,0,0,1,1,1
C1=CC=NC(=C1)NS(=O)(=O)C2=CC=C(C=C2)N/N=C/3\C=CC(=O)C(=C3)C(=O)O,1,1,1,1,1,1,0,1,1,1,1,1,0,1,1,1,1,1,1,1,1,0,1,1,1,1
CN1C2=C(C(=O)N(C1=O)C)NC=N2,0,1,0,1,1,1,0,1,0,0,1,1,0,1,0,1,0,1,1,1,1,0,0,1,1,1
CC(C)C(C)C=CC(C)C1CCC2C1(CCCC2=CC=C3CC(CCC3=C)O)C,0,1,0,1,1,1,1,0,0,0,1,0,0,1,1,0,0,0,0,0,1,0,0,0,1,1
C1=CN=CC=C1N,0,0,0,0,1,1,0,1,0,0,1,0,0,1,0,1,0,1,1,1,0,0,0,0,1,1
CCC(C)(C)C1=CC=C(C=C1)CC(C)CN2CC(OC(C2)C)C,0,0,0,0,0,0,0,1,0,0,0,0,0,0,0,1,0,0,0,0,0,0,0,0,1,0
C1=C/C(=C/2\N/C(=C\3/C=CC=CC3=O)/N(N2)C4=CC=C(C=C4)C(=O)O)/C(=O)C=C1,1,1,1,1,1,1,0,1,0,0,1,0,0,1,1,1,1,1,1,1,1,0,1,0,1,1
CC=CC1=C(N2C(C(C2=O)NC(=O)C(C3=CC=C(C=C3)O)N)SC1)C(=O)O,1,0,0,1,0,1,0,1,1,0,1,0,0,1,1,1,1,1,0,1,1,0,0,0,1,1
CCCCNC1=C(C(=CC(=C1)C(=O)O)S(=O)(=O)N)OC2=CC=CC=C2,1,1,0,1,1,1,0,0,1,0,1,0,0,1,1,1,0,0,1,1,1,0,1,0,1,1
C1=CC=C(C=C1)NC(=O)CCCCCCC(=O)NO,1,1,0,1,1,1,0,0,0,1,1,0,0,1,1,1,0,1,1,0,1,0,0,1,1,1
C[C@@]1([C@@H]2C[C@@H]3[C@H](C(=O)C(=C(N)[O-])C(=O)[C@]3(C(=O)C2=C(C4=C1C=CC=C4O)[O-])O)[NH+](C)C)O,1,1,0,1,1,1,0,1,1,0,0,0,0,0,1,1,1,0,0,0,1,0,0,1,1,0
CC(C(C1=CC=CC=C1)O)NC,0,1,0,1,1,1,0,0,1,0,1,0,0,1,0,1,0,0,1,1,1,0,1,1,1,0
C1=NC2=C(N1COCCO)NC(=NC2=O)N,1,1,1,1,1,1,0,1,1,0,1,0,0,1,1,1,0,1,1,1,1,0,1,1,1,1
CCNC(=O)N(CCCN(C)C)C(=O)C1CC2C(CC3=CNC4=CC=CC2=C34)N(C1)CC=C,1,1,1,1,1,1,1,1,1,1,1,0,0,1,0,1,1,1,1,1,0,0,1,1,1,1
CCOC(=O)C(CCC1=CC=CC=C1)NC2CCC3=CC=CC=C3N(C2=O)CC(=O)O,1,1,0,1,1,1,0,1,1,0,1,0,0,1,1,1,0,1,1,1,1,0,1,1,1,1
CCN(CC)C(=O)NC1=CC(=C(C=C1)OCC(CNC(C)(C)C)O)C(=O)C,0,1,1,1,0,1,0,0,1,0,1,1,0,1,0,1,0,0,1,1,0,0,0,1,1,0
C1CC(N(C1)C(=O)CNC23CC4CC(C2)CC(C4)(C3)O)C#N,1,1,0,1,1,1,0,0,0,0,1,0,0,1,0,1,0,1,0,0,0,0,0,0,1,0
COC1=CC(=C(C=C1)OC)C(CNC(=O)CN)O,1,0,1,1,1,1,0,0,0,0,1,0,1,1,0,1,0,0,1,1,1,0,0,1,1,1
C1CCC(CC1)[C@@H]2C[C@H](NC2)C(=O)O,0,0,1,1,1,1,0,1,0,0,1,0,0,1,0,1,0,0,1,0,1,0,0,1,1,1
CCC(=O)N(C1=CC=CC=C1)C2(CCN(CC2)CCC3=CC=CS3)COC,0,0,1,1,1,1,0,1,0,0,1,0,0,1,0,1,0,0,1,1,1,0,0,1,1,0
CC(C)(C(C(=O)O)N)S,1,1,0,1,1,1,0,1,1,1,1,1,0,1,1,1,0,0,1,1,1,0,1,0,1,1
CC(CC1=CC=C(C=C1)OC)NCC(C2=CC(=C(C=C2)O)NC=O)O,0,1,1,1,1,1,0,1,1,1,1,0,0,1,1,1,0,1,1,1,1,0,0,1,1,1
CN(C)CCC1=CNC2=C1C=C(C=C2)CC3COC(=O)N3,1,1,1,1,1,1,1,1,1,1,1,1,1,1,1,1,1,1,1,1,1,1,1,1,1,1
CCCCCC(C=CC1C(CC(=O)C1CCCCCCC(=O)O)O)O,1,1,1,1,1,1,1,0,1,1,1,0,1,1,1,1,1,1,1,1,1,0,0,1,1,1
CCN(CC)C(=S)SSC(=S)N(CC)CC,1,0,1,0,0,1,0,0,1,0,1,0,0,0,0,1,0,0,0,1,0,0,0,0,1,0
CC12CCC3C(=CCC4=C3C=CC(=C4)OS(=O)(=O)O)C1CCC2=O,1,1,1,1,1,1,0,1,1,1,1,1,1,1,1,1,1,1,1,1,1,0,0,1,1,1
CN1CCOC(C2=CC=CC=C2C1)C3=CC=CC=C3,0,0,1,0,0,1,0,1,0,0,1,0,0,0,0,1,0,0,0,1,1,0,0,1,1,0
CC=C1C(=O)NC(C(=O)OC2CC(=O)NC(C(=O)NC(CSSCCC=C2)C(=O)N1)C(C)C)C(C)C,1,1,0,1,0,1,0,1,0,1,1,0,0,1,1,1,0,1,1,0,1,0,0,1,1,1
CCOC(=O)C(CCC1=CC=CC=C1)NC(C)C(=O)N2C3CCCCC3CC2C(=O)O,1,1,1,1,1,1,0,1,1,0,1,0,0,1,1,1,1,1,1,1,1,0,1,1,1,1
CC1=C(C=C(C=C1)N2C(=O)C(=C(N2)C)N/N=C/3\C=CC=C(C3=O)C4=CC(=CC=C4)C(=O)O)C,1,1,1,1,1,1,0,0,0,0,1,0,0,1,1,1,0,1,1,1,0,0,0,0,1,0
CC(C)C=CCCCCC(=O)NCC1=CC(=C(C=C1)O)OC,0,0,1,1,1,1,0,0,0,0,1,0,0,1,0,1,0,1,1,0,0,0,0,1,1,1
CC1=CC=C(C=C1)C2=C(N3C=C(C=CC3=N2)C)CC(=O)N(C)C,1,1,1,1,1,1,1,1,1,1,1,0,1,1,1,1,0,1,1,1,1,0,1,1,1,1
CCCC1CC(N(C1)C)C(=O)NC(C2C(C(C(C(O2)SC)O)O)O)C(C)O,1,0,0,1,0,1,0,1,1,0,1,0,0,1,1,1,0,1,0,0,1,0,1,1,0,0
C1CC1CN2CCC34C5C(=O)CCC3(C2CC6=C4C(=C(C=C6)O)O5)O,1,1,1,1,1,1,1,1,1,0,1,0,0,1,1,1,0,1,1,1,0,1,1,1,1,1
CC1=C[C@@H]2[C@H](CC[C@]3([C@H]2CC[C@@]3(C(=O)C)O)C)[C@@]4(C1=CC(=O)CC4)C,1,1,1,1,0,1,1,1,1,1,1,1,0,1,1,1,0,1,1,1,1,1,0,1,1,1
CC(C)(CC1=CC=CC=C1)N,0,0,0,0,0,1,0,0,1,0,1,0,0,1,0,1,0,0,1,1,0,0,0,1,1,0
CC(CO)NC(=O)C1CN(C2CC3=CNC4=CC=CC(=C34)C2=C1)C,0,1,0,0,1,1,0,0,0,0,1,0,0,1,0,1,0,1,1,1,1,0,1,1,1,0
CS(=O)(=O)OCCCCOS(=O)(=O)C,1,1,1,1,1,1,1,1,1,1,1,1,1,1,1,1,1,1,1,1,1,0,1,1,1,1
CC#CCC(C)[C@@H](C=CC1[C@@H](C[C@H]2[C@@H]1CC(=CCCCC(=O)O)C2)O)O,0,0,0,1,1,1,0,1,0,0,1,0,1,1,1,1,0,1,1,1,1,0,0,1,1,0
CC1=C(C(CCC1)(C)C)C=CC(=CC=CC(=CC(=O)O)C)C,1,1,1,1,1,1,0,1,1,1,1,1,0,1,1,1,1,1,1,1,1,1,1,1,1,1
CC(C)NCC(COC1=CC=C(C=C1)COCCOC(C)C)O,1,1,1,1,1,1,0,1,1,0,1,0,0,1,1,1,1,1,1,1,1,1,1,1,1,1
CN1CCC(=C2C3=C(C(=O)CC4=CC=CC=C42)SC=C3)CC1,1,1,1,1,0,1,0,0,0,0,1,0,0,1,1,1,0,1,1,1,1,0,0,0,1,0
C(CC(=O)O)[C@@H](C(=O)O)NC(=O)N,0,1,0,1,0,1,0,0,0,0,1,0,0,0,1,1,1,1,0,0,0,0,0,1,1,0
CCOC1=CC=CC=C1O[C@H]([C@@H]2CNCCO2)C3=CC=CC=C3,0,1,1,1,1,1,1,1,1,0,1,0,0,1,1,1,0,1,1,1,1,0,1,1,1,1
CN1C=NC2=C1C(=O)N(C(=O)N2C)C,0,1,1,1,0,1,0,1,0,0,1,0,0,1,1,1,0,1,1,1,1,0,1,1,1,1
C1=CC=C2C(=C1)C(=NO2)CS(=O)(=O)N,1,1,1,1,1,1,0,1,1,0,1,0,1,1,1,1,1,1,1,1,1,0,1,1,1,1
CCN1CC(C(C1=O)(C2=CC=CC=C2)C3=CC=CC=C3)CCN4CCOCC4,0,0,1,1,0,1,0,0,0,0,1,0,0,1,1,1,0,0,1,1,1,0,0,1,1,1
CC1(C(NC(S1)C(C(=O)NCCCCCC(=O)O)NC(=O)CC2=CC=CC=C2)C(=O)O)C,0,0,0,0,0,0,0,1,0,0,0,0,0,1,0,1,0,0,1,0,0,0,0,0,0,0
CCCC(C)(COC(=O)N)COC(=O)N,0,0,0,1,0,1,0,1,0,0,1,0,0,1,1,1,0,0,1,1,1,0,1,1,1,0
CN(C)CCOC(C1=CC=CC=C1)C2=CC=CC=C2,0,1,1,0,0,1,0,0,0,0,1,0,0,1,1,1,0,1,1,1,1,0,1,1,1,1
CC1CC2C3CCC(C3(CC(C2C4(C1=CC(=O)CC4)C)O)C)C(=O)C,0,0,1,0,0,0,0,1,0,0,1,1,0,0,0,0,0,1,0,0,0,0,0,0,0,1
CCCN(CCC)S(=O)(=O)C1=CC=C(C=C1)C(=O)O,1,1,0,1,0,1,0,1,0,0,1,0,0,1,1,1,0,0,0,0,1,0,0,0,1,0
CCCCNC(=O)NS(=O)(=O)C1=CC=C(C=C1)C,1,1,0,0,0,1,0,0,0,0,0,1,0,0,1,1,1,0,0,0,0,0,0,0,1,0
CC(C(=O)O)O,0,0,0,0,0,0,0,0,0,0,1,0,0,0,0,1,1,0,0,0,0,0,0,0,0,0
CC(=O)OC1C(SC2=CC=CC=C2N(C1=O)CC[NH+](C)C)C3=CC=C(C=C3)OC,1,1,1,1,1,1,1,1,1,1,1,0,1,1,1,1,0,1,1,1,1,0,1,1,1,1
CC(=O)C1CCC2C1(CCC3C2CCC4=CC(=O)CCC34C)C,1,1,1,1,1,1,1,1,1,1,1,1,1,1,1,1,1,1,1,1,1,1,1,1,1,1
CC(C)(C)NCC(COC1=NSN=C1N2CCOCC2)O,1,1,1,1,1,1,0,1,1,0,1,0,1,1,1,1,0,1,1,1,1,0,1,1,1,0
CCOC(=O)C1(CCN(CC1)C)C2=CC=CC=C2,0,1,1,1,1,1,0,1,0,0,1,0,1,1,0,1,0,1,1,1,1,0,1,1,1,1
COCC1=C(N2C(C(C2=O)NC(=O)C(=NOC)C3=CSC(=N3)N)SC1)C(=O)O,1,1,1,1,1,1,1,1,1,0,1,0,1,1,1,1,0,1,1,1,1,1,1,1,1,1
CC12CCC3C(C1CCC2O)CCC4=CC(=O)CCC34C,1,1,1,1,1,1,0,1,1,1,1,1,1,1,1,1,0,1,1,1,1,0,1,1,1,1
C(CS(=O)(=O)O)S,1,1,1,1,1,1,0,1,0,0,1,0,0,1,1,1,0,1,1,1,1,0,0,1,1,1
CCCC(C)C1(C(=O)NC(=O)NC1=O)CC,1,0,0,1,0,1,0,1,0,0,1,0,0,1,1,1,0,0,1,1,0,0,0,1,1,0
COC1=CC=C(C=C1)N2C3=C(CCN(C3=O)C4=CC=C(C=C4)N5CCCCC5=O)C(=N2)C(=O)N,1,1,1,1,1,1,0,1,1,0,1,0,0,1,1,1,0,0,1,0,1,0,0,0,1,1
C1=NC2=C(N1)C(=S)N=CN2,1,1,0,1,1,1,0,1,1,1,1,0,0,0,1,1,0,1,0,0,1,0,0,0,0,0
CC1=C(N=CN1)CSCCNC(=NC)NC#N,1,0,0,1,1,1,0,1,1,0,1,0,0,0,1,1,0,1,0,1,1,0,0,1,1,1
CN1CCCN=C1C=CC2=CC=CS2,0,1,0,0,1,1,0,0,0,0,1,0,0,0,0,1,0,0,0,1,0,0,0,0,1,0
CCC(C)C1(C(=O)NC(=O)NC1=O)CC,1,0,0,1,0,1,0,1,0,0,1,0,0,1,0,1,0,0,1,1,0,0,0,1,1,0
CC(CCC1=CC=C(C=C1)O)NCCC2=CC(=C(C=C2)O)O,0,1,0,1,0,1,0,0,0,0,1,0,0,1,1,1,0,0,1,0,0,0,0,1,1,0
CC(C)OC(=O)CCCC=CCC1C(CC(C1CCC(CCC2=CC=CC=C2)O)O)O,1,0,1,0,1,0,0,0,0,0,1,0,0,1,0,1,0,1,1,0,0,0,0,1,1,0
C(CO)N,0,0,1,1,0,1,0,1,0,0,1,0,0,1,1,0,0,1,1,0,1,0,0,0,1,1
CN1C2CCC1CC(C2)OC(=O)C(CO)C3=CC=CC=C3,0,1,1,1,1,1,0,1,1,0,1,0,0,1,1,1,0,1,1,1,1,0,1,1,1,1
CC(C)C(C)C=CC(C)C1CCC2C1(CCCC2=CC=C3CC(CC(C3=C)O)O)C,0,1,1,1,1,1,0,0,0,0,1,0,0,1,1,1,0,1,1,1,1,0,0,1,1,1
C[NH+](C)[C@H]1[C@@H]2C[C@@H]3CC4=C(C=CC(=C4C(=C3C(=O)[C@@]2(C(=O)C(=C(N)[O-])C1=O)O)[O-])O)N(C)C,1,1,1,1,1,1,0,1,1,1,1,0,0,1,1,1,1,1,1,1,1,0,1,1,1,1
CC1=C(OC2=C(C1=O)C=CC=C2C(=O)OCCN3CCCCC3)C4=CC=CC=C4,0,0,1,0,0,1,0,0,0,0,1,0,0,0,1,1,0,0,0,1,0,0,1,1,1,0
CC1=CC(=C(C(=C1C=CC(=CC=CC(=CC(=O)O)C)C)C)C)OC,1,1,1,1,1,1,1,1,1,1,1,0,0,1,1,1,1,1,1,1,1,0,1,1,1,1
C=C1[C@H](C[C@@H]([C@H]1CO)O)N2C=NC3=C2NC(=NC3=O)N,1,1,0,1,0,1,0,1,0,1,1,0,0,0,1,1,0,1,0,1,1,0,0,0,1,0
CCCN(CCC)CCC1=C2CC(=O)NC2=CC=C1,1,1,1,1,1,1,1,1,1,1,1,1,1,1,1,1,1,1,1,1,1,0,1,1,1,1
CCCCC(C)(CC=C[C@H]1[C@@H](CC(=O)[C@@H]1CCCCCCC(=O)OC)O)O,0,1,1,1,1,1,0,1,1,0,1,0,0,1,1,1,1,1,1,1,1,1,1,1,1,1
C1=NC2=C(N1)C(=S)N=C(N2)N,1,1,0,1,0,1,0,0,0,0,1,0,0,1,1,0,0,0,0,1,0,0,0,0,0,0
C(CC(C(=O)O)N)CN=C(N)N,0,1,0,1,0,1,0,1,0,0,1,0,1,1,0,1,1,0,1,0,1,0,0,1,1,0
CN1CCCC1C2=CN=CC=C2,0,1,1,1,1,1,1,1,1,0,1,1,0,1,0,1,0,1,1,1,1,0,1,1,1,1
C1C(=O)N=C(N1N=CC2=CC=C(O2)C3=CC=C(C=C3)[N+](=O)[O-])[O-],1,1,1,1,1,1,0,1,0,1,1,0,0,1,1,1,0,0,1,1,1,0,0,1,1,1
C1=CC=C2C(=C1)C=NN=C2NN,1,1,1,1,1,1,0,1,0,0,1,0,0,1,1,1,0,1,1,1,1,0,0,1,1,1
COC(=O)NC1=NC2=C(N1)C=C(C=C2)C(=O)C3=CC=CC=C3,1,0,0,0,0,1,0,1,1,0,0,0,0,0,1,1,0,0,0,0,0,0,0,0,1,1
CCN(CC1=CC=NC=C1)C(=O)C(CO)C2=CC=CC=C2,0,0,1,1,1,1,1,1,0,0,1,0,0,1,0,1,0,1,1,1,1,0,0,1,1,0
C1=CC(=C(C=C1C(CN)O)O)O,0,1,1,1,0,1,0,0,0,0,1,0,0,1,0,1,0,1,1,1,0,0,0,1,1,0
CC(C)NCC(C1=CC(=C(C=C1)O)O)O,0,0,1,1,0,1,0,0,0,0,1,0,0,1,0,1,0,0,1,1,0,0,1,1,1,1
CCNC(=O)CCCC=CC[C@H]1[C@H](C[C@H]([C@@H]1C=C[C@H](CCC2=CC=CC=C2)O)O)O,0,1,1,1,1,1,0,0,0,0,1,0,0,1,0,1,0,1,1,1,1,0,1,1,1,1
C([C@H]1[C@@H]([C@H]([C@@H]([C@@H](O1)OC[C@@H]2[C@H]([C@@H]([C@H]([C@H](O2)OC[C@H]([C@H]([C@@H]([C@H](C=O)O)O)O)O)O)O)O)O)O)O)O,0,1,0,1,0,1,0,1,0,0,1,0,0,1,0,1,0,1,1,0,0,0,0,1,0,0
CN(C)CCCOC1=NN(C2=CC=CC=C21)CC3=CC=CC=C3,0,0,0,0,0,1,0,0,0,0,1,0,0,0,0,0,0,0,1,0,0,0,0,0,1,0
CN1CCC23C4C1CC5=C2C(=C(C=C5)O)OC3C(=O)CC4,1,1,1,1,1,1,1,1,1,1,1,1,1,1,1,1,0,1,1,1,1,0,1,1,1,1
CC1=C(C(C(=C(N1)C)C(=O)OC)C2=CC=CC=C2[N+](=O)[O-])C(=O)OC,1,1,1,1,1,1,1,1,1,0,1,0,1,1,1,1,0,1,1,1,1,0,1,1,1,1
CCC(CC)OC1C=C(CC(C1NC(=O)C)N)C(=O)OCC,1,1,1,1,1,1,0,1,1,0,1,0,0,0,1,1,0,1,1,1,0,0,1,1,1,1
CC12CCC(=O)C=C1CCC3C2C(CC4(C3CCC4(C(=O)CO)O)C)O,1,1,1,1,1,1,0,1,1,0,1,1,0,1,1,1,1,1,1,1,1,0,1,1,1,1
C[C@@H](C(=O)N1[C@H]2CCC[C@H]2C[C@H]1C(=O)O)N[C@@H](CCC3=CC=CC=C3)C(=O)O,1,1,1,1,1,1,0,1,1,0,1,0,0,1,1,1,0,1,1,1,1,0,1,1,1,1
COC1=C2C(=CC3=C1OC=C3)C=CC(=O)O2,0,0,0,1,1,1,0,1,0,0,1,0,0,1,0,1,0,1,0,1,0,0,1,1,1,1
C1CCN(CC1)C2=NC(=N)N(C(=C2)N)O,0,1,0,1,0,1,0,0,1,0,1,1,0,1,1,1,0,0,1,0,0,0,0,1,0,0
CCOC(=O)C1=CN=C(C=C1)C#CC2=CC3=C(C=C2)SCCC3(C)C,0,1,0,1,0,1,0,1,0,0,1,0,0,1,0,1,0,1,0,0,0,0,0,0,1,0
CC(=O)C1(CCC2C1(CC(C3=C4CCC(=O)C=C4CCC23)C5=CC=C(C=C5)N(C)C)C)O,0,0,0,0,0,1,0,0,1,0,1,0,0,0,0,1,0,0,0,0,0,0,0,0,1,0
C1=C2C(=NC=NC2=O)NN1,1,1,1,1,1,1,0,1,1,1,1,0,1,1,1,1,1,1,1,1,1,0,1,1,1,1
CC(CN1CC(=O)NC(=O)C1)N2CC(=O)NC(=O)C2,0,1,0,1,1,1,0,0,1,1,1,0,0,1,1,1,0,1,1,1,0,0,0,1,1,1
COC1=C(C=C2C(=C1)C(=NC(=N2)N3CCN(CC3)C(=O)C4=CC=CO4)N)OC,0,0,1,1,1,1,0,1,1,0,1,0,0,1,0,1,0,0,1,1,1,0,1,1,1,1
COCCOC1=C(C=C2C(=C1)C(=NC=N2)NC3=CC=CC(=C3)C#C)OCCOC,1,1,1,1,1,1,0,0,0,1,1,0,0,1,1,1,0,1,1,1,1,0,0,1,1,1
CN1C2CCC1C(C(C2)OC(=O)C3=CC=CC=C3)C(=O)OC,0,0,1,0,0,1,0,1,0,0,1,0,0,0,0,0,0,0,1,1,0,0,0,0,1,1
C1CC[C@H]([C@@H](C1)CN2CCN(CC2)C3=NSC4=CC=CC=C43)CN5C(=O)[C@H]6[C@@H]7CC[C@@H](C7)[C@H]6C5=O,1,1,1,1,1,1,0,0,1,0,1,1,0,1,1,1,0,1,1,1,1,1,1,1,1,1
C1C2CC3CC1CC(C2)(C3)N,0,1,1,1,1,1,1,1,0,0,1,0,0,1,1,1,0,0,1,1,1,0,0,1,1,1
CC1=CC(=C(C=C1)C)OCCCC(C)(C)C(=O)O,1,1,1,1,1,1,0,1,1,1,1,0,0,1,1,1,0,1,1,1,1,0,1,1,1,1
CCCC1=NC(=C(N1CC2=CC=C(C=C2)C3=CC=CC=C3C4=NNN=N4)C(=O)O)C(C)(C)O,1,1,1,1,1,1,0,1,1,0,1,0,0,1,1,1,0,1,1,1,1,0,1,1,1,1
COC1(C2N(C1=O)C(=C(CS2)COC(=O)N)C(=O)[O-])NC(=O)CC3=CC=CS3,1,0,0,1,0,1,0,1,1,0,1,0,0,1,1,1,0,1,1,0,1,0,0,0,1,1
CC(C(C1CNC2=C(N1)C(=O)N=C(N2)N)O)O,0,1,0,1,1,1,0,1,0,1,1,0,0,0,1,1,1,1,1,1,1,0,0,1,1,1
CN(C)CC(C1=CC=C(C=C1)O)C2(CCCCC2)O,0,1,1,1,1,1,1,1,1,0,1,0,0,1,1,1,0,0,1,1,1,0,1,1,1,1
C(CC(=O)O)CN,0,0,0,0,0,0,0,1,0,0,1,0,0,0,0,1,0,0,0,0,0,0,0,0,0,0
CCOC(=O)C1=CN=CN1C(C)C2=CC=CC=C2,0,0,0,0,0,1,0,0,0,0,1,0,0,1,0,0,0,0,1,1,0,0,0,1,1,1
C1CCC(CC1)(C2=CC=CC=C2)N3CCCCC3,0,0,1,0,0,1,0,1,0,0,1,0,0,1,0,1,0,1,1,0,0,1,0,1,1,0
C1CC(CCC1CN)C(=O)O,0,0,1,1,1,1,0,1,0,0,1,0,0,1,1,1,1,1,1,0,1,0,0,1,1,1
C[C@]12CC[C@H]3[C@H]([C@@H]1CCC2=O)CC(=C)C4=CC(=O)C=C[C@]34C,1,1,1,1,1,1,0,1,1,1,1,0,0,1,1,1,0,1,1,1,0,0,0,1,1,1
CCCCC1=NC2(CCCC2)C(=O)N1CC3=CC=C(C=C3)C4=CC=CC=C4C5=NNN=N5,1,1,1,1,1,1,1,1,1,0,1,0,0,1,1,1,0,1,1,1,1,0,1,1,1,1
CC1=CC=C(C=C1)S(=O)(=O)NC(=O)NN2CCCCCC2,1,1,0,0,0,1,0,0,0,0,1,1,0,0,1,1,1,0,0,0,0,0,1,0,1,0
CN(C)C(=O)OC1=CC=CC(=C1)[N+](C)(C)C,0,0,1,1,1,1,0,1,0,0,1,0,0,1,0,1,0,0,1,1,1,0,0,1,1,1
CS(=O)C,0,0,0,0,0,0,0,0,0,0,1,0,0,0,0,0,0,0,0,0,0,0,0,0,0,1
C[N+]1(CCC(C1)OC(=O)C(C2CCCC2)(C3=CC=CC=C3)O)C,0,1,1,1,1,1,0,1,1,0,1,0,0,1,0,1,0,1,1,1,1,1,0,1,1,1
CN1CCN(CC1)CCC=C2C3=CC=CC=C3SC4=C2C=C(C=C4)S(=O)(=O)N(C)C,1,1,1,1,1,1,0,1,1,0,1,1,0,1,1,1,0,0,1,1,1,0,0,1,1,1
CCC1C(COC1=O)CC2=CN=CN2C,1,1,1,1,1,1,1,1,1,0,1,0,0,1,1,1,1,1,1,1,1,0,1,1,1,1
C1=CC(=CC=C1C(=O)NC(CCC(=O)O)C(=O)O)NCC2=CN=C3C(=N2)C(=O)N=C(N3)N,0,1,0,0,0,1,0,1,0,0,1,0,0,0,0,1,0,0,1,1,0,0,0,0,1,1
C1C(=O)NC2=C(C=C(C=C2)[N+](=O)[O-])C(=N1)C3=CC=CC=C3,1,0,1,1,1,1,1,1,0,0,1,0,0,1,1,1,1,1,1,1,1,1,1,1,1,1
C1C(C(C(C(C1N)OC2C(C(C(C(O2)CO)O)N)O)O)OC3C(CC(C(O3)CN)O)N)N,0,1,1,1,1,1,0,1,0,0,1,0,0,1,1,1,0,1,1,1,1,0,1,0,1,1
C1=CC(=CC=C1C(=N)N)OCCCCCOC2=CC=C(C=C2)C(=N)N,1,1,1,1,1,1,0,1,0,0,1,1,0,1,1,1,0,1,1,1,1,1,1,1,1,1
C1=CC=C(C=C1)N2C=C(C=C(C2=O)C3=CC=CC=C3C#N)C4=CC=CC=N4,0,1,1,1,1,1,0,0,0,0,1,0,0,0,0,0,0,1,1,1,0,0,1,0,1,1
CCCNCC(COC1=CC=CC=C1C(=O)CCC2=CC=CC=C2)O,1,1,1,1,1,1,0,1,1,0,1,1,0,1,1,1,0,1,1,1,1,0,1,1,1,1
CC[C@]12CC(=C)[C@H]3[C@H]([C@@H]1CC[C@]2(C#C)O)CCC4=CCCC[C@H]34,0,1,1,1,0,1,0,1,1,1,0,0,0,1,0,1,0,0,0,1,0,0,0,0,1,0
CC12CCN(C1N(C3=C2C=C(C=C3)OC(=O)NC)C)C,0,0,0,0,0,1,0,0,0,0,0,0,0,0,0,0,0,0,0,0,0,0,0,1,1,1
C1=NC(=NC(=O)N1C2C(C(C(O2)CO)O)O)N,1,1,1,1,1,1,0,1,0,1,1,0,0,1,1,1,0,1,1,1,1,0,0,1,1,1
C=CCN1CCC23C4C(=O)CCC2(C1CC5=C3C(=C(C=C5)O)O4)O,0,0,0,1,0,1,0,0,1,0,1,0,0,1,0,1,0,1,1,1,0,0,0,1,1,1
CNCCCC12CCC(C3=CC=CC=C31)C4=CC=CC=C24,1,1,1,1,1,1,0,0,1,0,1,1,0,1,1,1,0,1,1,1,1,0,1,1,1,1
C=CC(=O)N1CCCC(C1)N2C3=C(C(=N2)C4=CC=C(C=C4)OC5=CC=CC=C5)C(=NC=N3)N,0,1,1,1,1,1,0,0,0,1,1,0,0,1,1,1,0,1,1,1,1,0,0,1,1,1
CN1CCC(=C2C3=C(CCC4=CC=CC=C42)SC=C3)CC1,0,1,0,1,1,1,0,0,1,0,1,0,0,1,0,0,0,0,0,1,0,0,0,0,1,0
CN1CCC23C4C1CC5=C2C(=C(C=C5)OC)OC3C(CC4)O,1,0,0,1,0,1,0,1,0,0,1,0,0,1,0,1,0,0,1,1,1,0,1,0,1,1
CC(CC1=CC=CC=C1)N(C)CC#C,1,1,1,1,1,1,1,1,1,1,1,0,1,1,1,1,1,1,1,1,1,1,1,1,1,1
CC1C(C(CC(O1)OC2CC(CC3=C(C4=C(C(=C23)O)C(=O)C5=CC=CC=C5C4=O)O)(C(=O)C)O)N)O,1,1,0,1,0,1,0,1,1,1,1,0,0,1,1,1,1,1,0,0,1,0,0,1,1,1
CNC(=O)C1=CC=CC=C1SC2=CC3=C(C=C2)C(=NN3)C=CC4=CC=CC=N4,1,1,1,1,1,1,0,0,0,1,1,1,0,1,1,1,0,0,1,0,1,0,1,1,1,1
C1CC(=O)NC(=O)C1N2C(=O)C3=C(C2=O)C(=CC=C3)N,1,1,0,1,1,1,0,1,1,0,1,0,0,1,1,1,1,1,1,1,1,0,1,1,1,1
CCC(C)C(=O)OC1CC(C=C2C1C(C(C=C2)C)CCC(CC(CC(=O)O)O)O)O,1,1,1,1,1,1,1,1,1,1,1,0,0,1,1,1,0,1,1,1,1,0,1,1,1,1
CC12CCC3C(C1CCC2=O)CCC4=C3C=CC(=C4)OS(=O)(=O)O,1,1,1,1,1,1,0,1,1,1,1,0,0,1,0,1,1,1,1,1,0,0,1,1,1,1
CC1=CC(=C(C=C1)SC2=CC=CC=C2N3CCNCC3)C,0,1,0,0,0,1,0,1,1,0,0,0,0,1,1,1,0,1,1,1,0,0,1,0,1,0
CN1C(=O)N2C=NC(=C2N=N1)C(=O)N,1,1,1,1,1,1,1,1,1,1,1,1,0,1,1,1,0,1,1,1,1,0,1,1,1,1
CC(C)(C)C1=CC=C(C=C1)S(=O)(=O)NC2=C(C(=NC(=N2)C3=NC=CC=N3)OCCO)OC4=CC=CC=C4OC,1,1,1,1,1,1,0,1,1,0,1,0,0,1,1,1,0,1,1,1,1,0,1,1,1,1
C1N2CN3CN1CN(C2)C3,0,0,0,0,0,1,0,0,0,0,0,0,0,0,0,1,0,1,0,0,1,0,0,0,0,0
CC(C)NC(=O)C1=CC=C(C=C1)CNNC,1,1,1,1,1,1,1,1,1,1,1,0,0,1,1,1,0,1,1,1,1,0,1,1,1,1
CC(=O)OCC[N+](C)(C)C,0,0,1,0,0,0,0,0,0,0,0,0,0,1,0,1,0,0,1,0,0,0,0,1,0,0
C1=CN(C(=O)N=C1N)C2C(C(C(O2)CO)O)O,1,1,1,1,1,1,0,1,0,1,1,0,0,1,1,1,0,1,1,1,1,0,1,1,1,1
CC(C)NCC(COC1=CC=C(C=C1)CCOCC2CC2)O,0,1,1,1,1,1,1,1,1,1,1,1,0,1,1,1,1,1,1,1,1,0,1,1,1,1
CC1=C(C(=CC=C1)NC2=CC=CC=C2C(=O)O)C,1,1,1,1,0,1,0,1,0,0,1,0,0,1,1,1,0,1,1,1,1,0,1,1,1,1
CC1=C(C=CC2=C1C(=[NH+]C(=N2)N)N)CNC3=CC(=C(C(=C3)OC)OC)OC,1,1,0,1,0,1,0,0,0,0,1,0,0,0,1,1,0,0,0,1,0,0,0,0,0,0
CN1C=NC(=C1SC2=NC=NC3=C2NC=N3)[N+](=O)[O-],1,0,1,1,1,1,0,1,1,1,1,0,0,1,1,1,1,1,1,0,0,0,0,1,1,0
CCCCC1=C(C2=C(O1)C=CC(=C2)NS(=O)(=O)C)C(=O)C3=CC=C(C=C3)OCCCN(CCCC)CCCC,1,1,0,1,0,1,0,1,0,0,1,0,0,1,0,1,0,1,1,0,0,0,0,1,1,1
COC1=C(C=C(C=C1)CC2=NC=CC3=CC(=C(C=C32)OC)OC)OC,1,1,0,1,0,1,0,0,0,0,1,0,0,1,0,1,0,0,0,0,0,0,1,0,1,0
C1=CC=C(C=C1)COC(=O)C2=CC=CC=C2,0,0,0,0,0,0,0,0,0,0,1,0,0,0,0,1,0,0,0,0,0,0,0,0,1,0
CN1CCC23CCCCC2C1CC4=C3C=C(C=C4)O,1,0,1,0,1,1,1,0,0,0,1,0,0,1,0,1,0,0,1,1,1,0,0,1,1,1
CC1=CN(C(=O)NC1=O)C2CC(C(O2)CO)N=[N+]=[N-],1,1,1,1,1,1,0,1,1,0,1,0,1,1,1,1,1,1,1,1,1,0,1,1,1,1
CC(=O)CC(C1=CC=CC=C1)C2=C(OC3=CC=CC=C3C2=O)[O-],1,0,0,1,1,1,0,1,1,1,1,0,0,1,1,1,0,1,1,0,1,0,0,1,1,1
CN(C)CCN(CC1=CC=C(C=C1)OC)C2=CC=CC=N2,0,0,0,0,0,0,0,0,0,0,0,0,0,0,0,1,0,0,0,0,0,0,0,0,0,0
CC1=C(C(=NO1)C2=CC=CC=C2)C3=CC=C(C=C3)S(=O)(=O)N,1,1,1,1,1,1,0,1,1,1,1,1,0,1,1,1,0,1,1,1,1,0,1,1,1,1
C1CN(CCC1O)CCCN2C3=CC=CC=C3SC4=C2C=C(C=C4)C#N,1,1,1,1,1,1,0,1,1,0,1,1,0,1,1,1,0,1,1,1,0,0,0,1,1,1
CCN(CC)CCNC(=O)C1=CC=C(C=C1)N,1,1,0,1,1,1,0,1,0,0,1,0,0,1,1,1,0,0,1,1,1,0,0,1,1,1
CCCCNC1=CC=C(C=C1)C(=O)OCCN(C)C,0,0,1,0,0,1,0,1,0,0,1,0,1,1,0,1,0,0,0,1,0,0,1,1,1,1
C1=CC(=C(C=C1N)O)C(=O)O,1,1,0,1,1,1,0,1,0,1,0,1,0,1,1,1,0,1,0,0,1,0,0,1,1,0
CC1(C(N2C(S1)C(C2=O)NC(=O)C(C3=CC=CC=C3)C(=O)[O-])C(=O)[O-])C,0,1,1,1,0,1,0,1,1,0,0,0,0,0,1,1,0,1,0,0,0,0,0,0,1,0
CCCC1=NC(=C2N1NC(=NC2=O)C3=C(C=CC(=C3)S(=O)(=O)N4CCN(CC4)CC)OCC)C,1,0,1,1,1,1,0,1,1,0,1,0,0,1,0,1,0,1,1,1,1,0,1,1,1,1
C1=CC(=CC=C1C#N)C(C2=CC=C(C=C2)C#N)N3C=NC=N3,1,1,1,1,1,1,1,1,1,1,1,1,0,1,1,1,0,1,1,1,1,0,1,1,1,1
CNCC(C1=CC(=C(C=C1)O)O)O,0,1,1,1,0,1,0,0,0,0,1,0,0,1,0,1,0,1,1,1,1,0,0,1,1,1
C(C1C(C(C(C(O1)OC2C(OC(C2O)(CO)O)CO)O)O)O)O,0,1,0,0,1,1,0,0,0,0,1,0,0,0,0,0,0,0,0,0,0,0,0,0,0,0
CC(CC1=CC(=C(C=C1)O)O)(C(=O)O)N,1,0,0,1,1,1,0,1,1,0,1,1,0,1,1,1,0,1,1,1,0,0,0,1,1,1
C(C=O)C(C=O)O,0,1,0,1,1,1,0,1,0,0,1,0,0,1,1,1,1,1,1,1,0,0,0,1,1,1
CC(=O)OC1=CC=CC=C1C(=O)NC2=NC=C(S2)[N+](=O)[O-],0,1,0,1,1,1,0,1,1,0,1,0,0,1,1,1,0,1,1,1,1,0,1,1,1,0
CCOC(=O)C1=CC=C(C=C1)N,0,0,0,0,0,1,0,1,0,0,1,0,0,0,1,1,0,0,1,0,0,0,0,1,0,0
C[N+](C)(C)CC(=O)[O-],0,1,0,0,0,1,0,0,0,0,0,0,0,0,0,1,1,0,1,1,1,0,0,0,1,0
C=CC1=CC=CC=C1S(=O)(=O)O,0,1,0,0,0,1,0,0,0,0,1,0,0,0,0,0,0,1,0,0,0,0,0,0,0,1
C1=CC=C(C=C1)C(COC(=O)N)COC(=O)N,1,1,1,1,1,1,1,1,1,1,1,1,1,1,1,1,1,1,1,1,1,1,1,1,1,1
CN1C2CCC1CC(C2)OC(=O)C(C3=CC=CC=C3)O,0,0,1,1,0,1,0,0,0,0,1,0,1,1,0,1,1,1,1,1,1,0,0,1,1,1
CC1=C(C=C(C=C1)NC(=O)C2=CC=C(C=C2)CN3CCN(CC3)C)NC4=NC=CC(=N4)C5=CN=CC=C5,1,1,1,1,1,1,0,1,1,1,1,0,0,1,1,1,0,1,1,1,1,0,1,1,1,1
CC(C)(C)NCC(C1=NC(=C(C=C1)O)CO)O,0,1,0,1,1,1,0,0,0,0,1,0,0,1,0,1,0,0,1,1,0,0,0,1,1,1
CN1C2=C(C=C(C=C2)C(=O)N(CCC(=O)O)C3=CC=CC=N3)N=C1CNC4=CC=C(C=C4)C(=N)N,0,0,0,1,1,1,0,1,0,0,0,0,1,1,1,1,0,0,0,0,0,0,0,1,1,0
C1=NC2=C(N1CCC(CO)CO)NC(=NC2=O)N,1,0,0,1,0,1,0,1,1,0,1,0,0,0,1,1,0,1,1,1,1,0,0,1,1,1
CC(C)C1=CC2=C(C=C1)OC3=NC(=C(C=C3C2=O)C(=O)O)N,0,0,0,1,0,1,0,0,0,0,1,0,0,0,0,0,0,0,1,0,0,0,0,0,1,1
CCC(=O)N(C1CCN(CC1)CCC2=CC=CC=C2)C3=CC=CC=C3,1,1,1,1,1,1,1,1,1,1,1,1,1,1,1,1,0,1,1,1,1,1,1,1,1,1
C1C(N(C2=C(N1)NC(=NC2=O)N)C=O)CNC3=CC=C(C=C3)C(=O)NC(CCC(=O)O)C(=O)O,0,1,0,1,0,1,0,1,0,0,1,0,0,1,1,1,0,1,1,1,1,0,0,0,1,1
CC(C)(C)C#CC=CCN(C)CC1=CC=CC2=CC=CC=C21,1,1,1,1,1,1,0,1,0,0,1,0,0,1,1,1,0,1,1,1,0,0,1,0,1,1
C1CCN(CC1)C2=NC(=NC3=C2N=C(N=C3N4CCCCC4)N(CCO)CCO)N(CCO)CCO,1,1,1,1,1,1,0,1,1,0,1,0,0,1,1,1,0,1,1,1,1,0,1,1,1,1
CC1C(C(CC(O1)OC2CC(CC3=C(C4=C(C(=C23)O)C(=O)C5=C(C4=O)C=CC=C5OC)O)(C(=O)C)O)N)O,1,1,1,1,1,1,1,1,1,1,1,0,0,1,1,1,0,1,1,1,1,0,1,1,1,1
CC1=C(C(=O)C2=CC=CC=C2C1=O)CC=C(C)CCCC(C)CCCC(C)CCCC(C)C,1,0,0,1,1,0,0,1,0,0,1,0,0,1,0,1,0,0,1,0,0,0,0,1,1,0
CC(C1=CC(=CC=C1)OC2=CC=CC=C2)C(=O)O,1,1,1,1,0,1,0,1,1,0,1,0,0,1,1,1,0,1,1,1,1,0,1,1,1,1
CC(CC1=CC(=C(C=C1)O)O)(C(=O)O)NN,0,1,1,1,1,1,0,1,1,1,1,0,0,1,1,1,0,1,1,1,1,0,0,1,1,1
C1=CC=C2C(=C1)NC(=N2)C3=CSC=N3,1,1,1,0,1,1,0,1,0,0,1,0,0,1,1,1,0,0,0,1,1,0,1,0,1,1
CCCCN1C[C@@H]([C@H]([C@@H]([C@H]1CO)O)O)O,0,1,1,1,1,1,0,0,1,1,1,0,0,1,1,0,1,0,0,1,0,0,1,0,1,1
CC1=C(C(=C2CCC(OC2=C1C)(C)COC3=CC=C(C=C3)CC4C(=O)NC(=O)S4)C)O,1,1,0,1,0,1,0,0,0,0,1,0,0,1,1,0,0,0,0,0,0,0,0,1,1,0
CC1=C(C(C(=C(N1)C)C(=O)OC(C)C)C2=CC(=CC=C2)[N+](=O)[O-])C(=O)OCCOC,1,1,0,1,1,1,0,1,0,0,1,0,0,1,1,1,0,0,1,1,0,0,0,1,1,0
CC(=O)O[C@H]1CC2=CC=CC=C2N(C3=CC=CC=C13)C(=O)N,1,1,1,1,1,1,0,1,0,0,1,1,1,1,1,1,0,1,1,1,1,0,1,1,1,1
C(C(CO)O)O,0,0,1,0,0,0,0,1,0,0,1,0,0,1,0,1,0,1,1,0,0,0,0,1,1,0
CCCNC(C)C(=O)NC1=CC=CC=C1C,0,1,1,1,1,1,0,1,0,0,1,0,0,1,1,1,0,0,1,1,0,0,1,1,1,1
CN1C2CCC1CC(C2)OC(=O)C3=CNC4=CC=CC=C43,0,1,0,0,0,1,0,1,0,0,1,0,0,1,0,1,0,0,1,0,0,0,0,1,1,0
C1C(OC(S1)CO)N2C=CC(=NC2=O)N,1,1,1,1,1,1,0,1,1,0,1,1,1,1,1,1,0,1,1,1,1,1,1,1,1,1
CC(=O)NC1=NN=C(S1)S(=O)(=O)N,1,1,1,1,1,1,0,1,0,0,1,0,0,1,1,1,0,0,0,1,1,0,1,0,1,1
C[C@]12CC[C@H]3[C@H]([C@@H]1CC[C@]2(C)O)CC[C@@H]4[C@@]3(COC(=O)C4)C,1,1,0,1,0,0,0,0,1,1,1,1,0,1,0,1,0,1,1,1,0,0,0,0,0,0
CCC(=O)N(C1=CC=CC=C1)C2(CCN(CC2)CCN3C(=O)N(N=N3)CC)COC,0,0,1,1,1,1,0,1,0,0,1,0,0,1,0,1,0,0,1,1,0,0,0,1,1,1
C1CN2C(=CC=C2C(=O)C3=CC=CC=C3)C1C(=O)O,1,1,1,1,1,1,1,1,1,0,1,0,0,1,1,1,0,1,1,1,1,0,1,1,1,1
CCCNC1CCC2=C(C1)SC(=N2)N,1,1,1,1,1,1,0,1,1,1,1,1,1,1,1,1,1,1,1,1,1,0,1,1,1,1
CC1=CC=C(C=C1)C(=O)C2=CC(=C(C(=C2)O)O)[N+](=O)[O-],1,1,1,1,1,1,1,1,1,1,1,0,1,1,1,1,0,1,1,1,1,1,1,1,1,1
CCCCCCCCCCCC(CC1C(C(=O)O1)CCCCCC)OC(=O)C(CC(C)C)NC=O,1,1,1,1,1,1,0,1,1,1,1,1,0,1,1,1,0,1,1,1,1,0,1,1,1,1
CCN(CC)C1=CC=C(C=C1)C(=C2C=CC(=[N+](CC)CC)C=C2)C3=C(C=CC(=C3)S(=O)(=O)O)S(=O)(=O)O,0,0,0,0,0,0,0,1,0,0,1,0,0,1,0,1,0,0,1,0,0,0,0,0,0,0
CCC#CC(C)C1(C(=O)NC(=O)N(C1=O)C)CC=C,0,0,0,1,1,1,0,1,0,0,1,0,0,1,0,1,0,1,1,1,0,0,0,1,1,1
CC1=CC(=C(C=C1)O)C(CCN(C(C)C)C(C)C)C2=CC=CC=C2,0,0,1,1,1,1,0,1,0,0,1,0,0,1,0,1,0,1,0,1,1,0,1,1,1,0
CCC1=CN=C(C=C1)CCOC2=CC=C(C=C2)CC3C(=O)NC(=O)S3,1,1,1,1,1,1,1,1,1,1,1,0,0,1,1,1,1,1,1,1,1,1,1,1,1,1
CC(C)(C)NCC(COC1=CC=CC=C1C2CCCC2)O,0,0,0,1,0,1,0,0,1,0,1,0,0,1,1,1,0,1,1,1,0,0,0,1,1,0
CN(C)CCC=C1C2=CC=CC=C2CCC3=CC=CC=C31,1,1,1,1,1,1,1,0,1,0,1,1,0,1,1,1,0,0,0,1,1,0,1,1,1,1
C1=CC(=CN=C1)C(=O)[O-],1,1,1,1,1,1,0,1,1,1,1,1,0,1,1,1,0,1,1,1,1,0,1,1,1,1
CC(C)(C)C1=CC(=C(C=C1NC(=O)C2=CNC3=CC=CC=C3C2=O)O)C(C)(C)C,0,1,0,1,1,1,0,0,1,0,0,0,0,0,0,1,0,1,1,0,0,0,1,0,1,0
CCCC(C)(COC(=O)N)COC(=O)NC(C)C,0,0,0,0,1,1,0,0,0,0,0,0,0,1,1,0,0,1,1,1,0,0,1,1,1,1
C(C(C(C(C(CO)O)O)O)O)O,0,1,1,1,1,1,0,1,0,0,1,0,0,1,0,1,0,1,1,1,1,0,1,1,1,1
C(C(C(=O)O)S)(C(=O)O)S,0,1,0,1,1,1,0,1,0,0,1,0,0,0,1,1,0,1,1,0,1,0,0,1,1,0
CCN(CC)C(=O)C(=CC1=CC(=C(C(=C1)O)O)[N+](=O)[O-])C#N,1,1,1,1,1,1,1,1,1,1,1,1,1,1,1,1,1,1,1,1,1,0,1,1,1,1
C1C[C@H]2CN(C(=O)C3=C2C(=CC=C3)C1)[C@@H]4CN5CCC4CC5,1,1,1,1,1,1,0,1,1,0,1,0,0,1,1,1,0,1,1,1,1,0,1,1,1,1
C1=C(N=C(S1)N=C(N)N)CSCCC(=NS(=O)(=O)N)N,1,1,1,1,1,1,0,1,1,0,1,0,0,1,1,1,0,1,1,1,1,0,1,1,1,1
CCCCCN=C(N)NN/C=C/1\C=NC2=C1C=C(C=C2)CO,1,1,1,1,1,1,1,1,1,1,1,0,0,1,1,1,0,1,1,1,1,1,1,1,1,1
CC[N+](C)(C)C1=CC(=CC=C1)O,0,0,1,0,1,1,0,0,0,0,1,0,0,1,0,1,0,0,1,1,1,0,0,1,1,1
CN(CCCNC(=O)C1CCCO1)C2=NC3=CC(=C(C=C3C(=N2)N)OC)OC,1,0,1,1,1,1,0,0,1,0,1,0,0,1,1,1,0,1,1,1,1,0,1,1,1,1
C1=CC(=C(C=C1C(C(C(=O)O)N)O)O)O,0,0,0,1,0,1,0,0,0,0,1,0,0,1,0,0,0,1,0,1,0,0,0,1,1,0
C1CCC(C1)C(CC#N)N2C=C(C=N2)C3=C4C=CNC4=NC=N3,1,1,0,1,1,1,0,0,0,1,1,0,0,1,1,1,0,1,1,0,1,0,0,0,1,1
CON=C(C1=CSC(=N1)N)C(=O)NC2C3N(C2=O)C(=CCS3)C(=O)O,0,0,0,1,0,1,0,1,1,0,1,0,0,1,1,1,0,1,0,0,1,0,0,0,1,1
[CH2]CC=O,0,0,1,0,0,0,0,1,0,0,1,0,0,1,0,0,0,0,0,0,0,0,0,0,0,0
CC#CC1(CCC2C1(CC(C3=C4CCC(=O)C=C4CCC23)C5=CC=C(C=C5)N(C)C)C)O,0,1,0,1,1,1,1,1,1,1,1,1,0,1,0,1,0,1,1,1,0,1,0,0,1,1
C[N+]1(CCCC(C1)OC(=O)C(C2=CC=CC=C2)(C3=CC=CC=C3)O)C,0,0,1,0,0,1,0,1,1,0,1,0,0,0,0,1,0,0,0,1,1,0,0,1,1,0
C1=CC=C(C=C1)C(=O)OOC(=O)C2=CC=CC=C2,0,0,0,0,0,0,0,1,0,0,1,0,0,0,0,1,0,0,0,0,0,0,0,0,1,0
CCCN1CC(CC2C1CC3=CNC4=CC=CC2=C34)CSC,1,1,1,1,1,1,1,0,1,1,1,1,1,1,1,1,0,1,1,1,1,0,1,1,1,1
CC1(C(=O)N(C(=O)O1)C)C,1,1,1,1,1,1,0,0,1,1,1,0,0,1,1,1,0,0,1,1,1,0,1,0,1,1
CCCCCCCC(=O)CCC1C(CC(C1CC=CCCCC(=O)OC(C)C)O)O,0,1,1,0,1,0,0,1,0,0,1,0,0,1,0,1,1,1,1,1,0,0,0,0,1,1
CC(=O)OCC1=C(N2C(C(C2=O)NC(=O)C(=NOC)C3=CSC(=N3)N)SC1)C(=O)[O-],1,0,0,1,0,1,0,1,1,0,1,0,0,1,1,1,0,1,1,0,1,0,0,1,1,1
CC(C)(C1=CN=CC=C1)C(=O)C2=CN=CC=C2,0,0,0,1,0,1,0,0,0,0,1,1,0,1,1,1,0,0,0,0,0,0,0,0,1,0
C1CCC(CC1)C(=O)N2CC3C4=CC=CC=C4CCN3C(=O)C2,0,1,0,1,1,1,0,1,0,0,1,0,0,0,1,1,0,0,0,0,0,0,1,1,1,1
N(=O)[O-],0,1,1,0,0,1,0,0,0,0,1,0,0,1,1,1,0,0,0,1,0,0,0,1,1,0
C[C@]12CC[C@H]3[C@H]([C@@H]1CC[C@@H]2O)CCC4=CC(=O)CC[C@H]34,1,0,0,1,0,1,0,0,1,1,1,0,0,1,0,1,0,1,0,1,0,0,0,0,0,0
CC12CCC3C(C1CCC2(C#C)O)CCC4=CC(=O)CCC34,1,0,1,1,1,1,1,1,1,1,1,1,0,1,0,1,0,0,1,1,1,1,0,1,1,1
C1=CC=C(C=C1)CCCCOCCCCCCNCC(C2=CC(=C(C=C2)O)CO)O,0,1,1,1,1,1,0,1,1,0,1,0,1,1,0,1,0,1,1,1,0,0,1,1,1,1
CNCCCC1C2=CC=CC=C2C=CC3=CC=CC=C13,1,1,1,1,0,1,0,0,1,0,1,1,0,1,1,1,0,0,0,1,1,0,1,1,1,1
CC(C)C[C@H](CC(=O)O)CN,1,1,1,1,1,1,1,1,1,1,1,1,1,1,1,1,1,1,1,1,1,1,1,1,1,1
C1C(C2C(O1)C(CO2)O[N+](=O)[O-])O[N+](=O)[O-],0,0,0,0,0,1,0,0,0,0,1,0,0,1,1,1,0,0,0,0,0,0,0,1,1,0
CC1(OC2COC3(C(C2O1)OC(O3)(C)C)COS(=O)(=O)N)C,1,1,1,1,1,1,1,1,1,1,1,1,1,1,1,1,1,1,1,1,1,1,1,1,1,1
CCC1(CC(=O)NC1=O)C,0,1,1,1,1,1,1,1,1,0,1,0,0,0,1,1,0,0,1,1,1,0,0,0,1,0
CC(=O)NCCC1=CC=CC2=C1C=C(C=C2)OC,1,0,1,1,1,1,0,0,0,0,1,0,0,0,0,1,0,1,0,1,0,0,1,0,1,0
C1=NC2=C(N1COC(CO)CO)NC(=NC2=O)N,1,1,1,1,1,1,1,1,1,0,1,1,0,1,1,1,1,1,1,1,1,0,1,1,1,1
C1=CC=C(C=C1)COC2=CC=C(C=C2)O,0,0,0,0,0,0,0,1,0,0,0,0,0,0,0,1,0,0,0,0,0,0,0,0,1,0
CN(C)CC(C1=CC=C(C=C1)OC)C2(CCCCC2)O,1,1,1,1,1,1,1,1,1,1,1,1,1,1,1,1,1,1,1,1,1,1,1,1,1,1
CN1C2=C(C(=O)N(C1=O)C)N(C=N2)CC(CO)O,0,1,0,0,1,1,0,0,0,0,0,1,0,1,0,0,0,0,1,1,1,0,0,1,1,1
CN1CCN2C(C1)C3=CC=CC=C3CC4=C2N=CC=C4,1,1,1,1,1,1,1,1,1,0,1,1,1,1,1,1,0,1,1,1,1,0,1,1,1,1
CC(C12CC3CC(C1)CC(C3)C2)N,0,1,1,0,0,1,1,0,1,0,1,0,0,1,0,1,0,0,1,1,1,0,1,1,1,1
C1=CC=C(C=C1)CCCC(=O)OCC(COC(=O)CCCC2=CC=CC=C2)OC(=O)CCCC3=CC=CC=C3,0,1,0,1,0,1,0,0,0,0,1,0,0,0,0,1,0,0,0,0,0,0,0,0,1,0
CC1=C(C(=O)C2=C(C1=O)N3C[C@H]4[C@@H]([C@@]3([C@@H]2COC(=O)N)OC)N4)N,0,1,1,1,0,1,0,0,0,1,1,0,1,1,1,1,0,1,1,1,1,0,0,1,1,1
CC1C2CC3=C(C1(CCN2CC=C(C)C)C)C=C(C=C3)O,1,1,1,1,1,1,0,1,0,0,1,0,0,1,1,1,0,0,1,1,1,1,1,1,1,1
CC1CCN(CC1N(C)C2=NC=NC3=C2C=CN3)C(=O)CC#N,1,1,0,1,1,1,0,0,0,1,1,0,0,1,1,1,0,1,1,1,0,0,0,0,1,0
CC(C1CCC(C(O1)OC2C(CC(C(C2O)OC3C(C(C(CO3)(C)O)NC)O)N)N)N)NC,1,1,1,1,1,1,0,1,0,0,1,0,0,1,1,1,0,0,1,1,1,0,1,0,1,1
C1C=C(N2C(S1)C(C2=O)NC(=O)C(=CCC(=O)O)C3=CSC(=N3)N)C(=O)O,1,1,0,1,0,1,1,1,1,0,1,0,0,1,1,1,0,1,1,1,1,0,0,0,1,1
COC1=C(C=C2C(=C1)C(=NC(=N2)N3CCN(CC3)C(=O)C4COC5=CC=CC=C5O4)N)OC,1,1,1,1,1,1,1,1,1,1,1,0,0,1,1,1,1,1,1,1,1,0,1,1,1,1
CC(=O)N(CCCCCNC(=O)CCC(=O)N(CCCCCNC(=O)CCC(=O)N(CCCCCN)O)O)O,1,0,1,1,1,1,1,1,0,0,1,0,0,1,1,1,1,1,1,1,1,0,1,1,1,1
C[C@H](C(=O)N1CCC[C@H]1C(=O)O)N[C@@H](CCC2=CC=CC=C2)C(=O)O,1,1,1,1,1,1,0,1,1,0,1,0,0,1,1,1,0,1,1,1,1,0,1,1,1,0
CC1CC2C3CCC(C3(CC(C2C4(C1=CC(=O)C=C4)C)O)C)(C(=O)COC(=O)CCC(=O)O)O,0,1,1,1,1,1,0,1,1,0,1,1,0,1,0,1,0,1,1,1,1,0,1,1,1,1
CCCC1OC2CC3C4CCC5=CC(=O)C=CC5(C4C(CC3(C2(O1)C(=O)CO)C)O)C,0,1,1,1,1,1,0,1,1,0,1,1,0,1,1,1,1,1,1,1,1,0,1,1,1,1
C1=CC=C(C=C1)C(=O)SCC(=O)NCC(=O)NCC(=O)NCC(=O)O,0,0,0,1,0,1,0,0,0,0,1,0,0,1,0,1,0,0,1,0,0,0,0,1,1,1
C[C@@H]1[C@@H]2[C@H](C(=O)N2C(=C1S[C@H]3C[C@H](NC3)CNS(=O)(=O)N)C(=O)O)[C@@H](C)O,1,0,0,1,0,1,0,1,0,0,1,0,0,1,1,1,0,1,1,0,0,0,0,0,1,1
CC(=O)NC1=[N+](N=C(S1)S(=O)(=O)N)C,1,1,1,1,0,1,0,1,0,0,1,0,0,0,1,1,0,0,0,1,1,0,1,0,1,1
COC1=CC=CC=C1OCCNCC(COC2=CC=CC3=C2C4=CC=CC=C4N3)O,1,1,1,1,1,1,1,1,1,0,1,0,1,1,1,1,0,1,1,1,1,0,1,1,1,1
CCC(C)C(=O)OC1CC(C=C2C1C(C(C=C2)C)CCC3CC(CC(=O)O3)O)C,1,1,1,1,1,1,1,1,1,1,1,0,0,1,1,1,0,1,1,1,0,1,1,0,1,1
C=CC(CCC(=O)O)N,1,1,1,1,1,1,1,1,1,0,1,1,1,1,1,1,1,1,1,1,0,0,1,0,1,1
C[N+](C)(C)CC(CC(=O)O)O,0,1,1,1,1,1,0,1,0,0,1,1,0,1,1,1,0,1,1,1,1,0,1,1,1,1
COC1=CC(=CC(=C1OC)OC)CC2=CN=C(N=C2N)N,1,1,1,1,1,1,0,1,0,0,1,0,0,1,1,1,0,1,1,1,1,0,1,0,1,1
CC12CC(C3C(C1CCC2(C(=O)CO)O)CCC4=CC(=O)C=CC34C)O,1,1,1,1,1,1,0,1,1,0,1,1,0,1,0,1,1,1,1,1,0,0,1,1,1,1
CC(C)NCC(COC1=CC=C(C=C1)CC(=O)N)O,1,1,1,1,1,1,0,0,1,0,1,0,0,1,1,1,1,0,1,1,1,0,1,1,1,1
CC1=CC=C(C=C1)S(=O)(=O)NC(=O)NN2CC3CCCC3C2,1,1,1,1,1,1,1,1,1,1,1,1,0,1,1,1,1,1,1,1,1,0,1,1,1,1
C1=CC=C(C=C1)[C@H](CNCCC2=CC=C(C=C2)NC(=O)CC3=CSC(=N3)N)O,0,1,1,1,1,1,0,0,1,1,1,0,0,1,0,1,0,1,0,0,1,0,0,1,1,1
CC(C1C(O1)CC2COC(C(C2O)O)CC(=CC(=O)OCCCCCCCCC(=O)O)C)C(C)O,0,0,1,1,0,1,0,1,0,0,1,0,0,1,0,1,0,1,1,0,0,0,1,0,1,0
CC1=CC(=CC(=C1)OCC2CNC(=O)O2)C,1,0,0,0,0,1,0,1,0,0,0,0,0,0,1,1,0,0,0,1,0,0,0,0,1,0
COC1=C(C=C(C=C1)C2=CC3=C(C=C2)C=C(C=C3)C(=O)O)C45CC6CC(C4)CC(C6)C5,1,0,1,0,0,1,0,1,0,0,1,0,0,0,0,1,0,1,0,0,0,1,0,0,1,1
C1=CC=C(C(=C1)C(=O)OC2=CC=CC=C2C(=O)O)O,1,0,0,1,0,1,0,1,0,0,0,0,0,1,0,1,0,0,1,0,1,0,1,0,0,1
CCCCCCCCCCC(=O)O[C@H]1CC[C@@H]2[C@@]1(CC[C@H]3[C@H]2CCC4=CC(=O)CC[C@]34C)C,1,1,0,1,1,1,0,1,1,1,1,1,0,1,1,1,0,1,1,1,1,0,0,1,1,1
CC1=NC=C(C(=C1O)CO)CO,0,0,0,0,0,1,0,0,0,0,0,0,0,0,0,0,0,0,0,0,0,0,0,0,1,0
CC(CCC(=O)O)C1CCC2C1(CCC3C2C(CC4C3(CCC(C4)O)C)O)C,1,1,1,1,1,1,0,1,1,1,1,0,0,1,1,1,0,1,1,1,1,0,1,1,1,1
COC1=CC(=CC(=C1OC)OC)C2C3C(COC3=O)C(C4=CC5=C(C=C24)OCO5)O,0,0,0,1,0,1,0,1,1,1,1,0,0,1,0,1,0,0,0,1,1,0,0,0,1,1
CC(C)(C)NCC(COC1=CC=CC2=C1CCC(=O)N2)O,0,1,1,1,0,1,0,1,0,0,1,0,0,1,0,1,0,1,1,1,0,0,0,1,1,0
CC1=CC=CC=C1C(C2=CC=CC=C2)OCCN(C)C,0,0,1,0,0,1,0,1,0,0,1,0,0,0,1,1,0,0,0,1,1,0,0,1,1,0
C=C1CCC2(C3CC4=C5C2(C1OC5=C(C=C4)O)CCN3CC6CC6)O,1,1,0,1,1,1,0,0,0,0,1,0,0,1,0,1,0,1,0,1,1,0,0,1,1,1
CC1=C(C(=CC=C1)[C@@H](C)C2=CN=CN2)C,1,1,1,1,0,1,0,0,0,0,1,0,1,1,1,1,0,1,1,1,1,1,0,1,1,1
C1=CC=C(C=C1)C2=NC3=C(N=C2N)N=C(N=C3N)N,1,1,0,1,0,1,0,1,0,0,1,0,0,0,1,1,0,0,0,0,1,0,0,0,1,1
CN1CC(=O)N2[C@@H](C1=O)CC3=C([C@H]2C4=CC5=C(C=C4)OCO5)NC6=CC=CC=C36,0,0,1,1,1,1,0,1,1,0,1,0,0,1,0,1,0,1,1,1,1,0,1,1,1,1
C1CC(=O)NC(=O)C1N2CC3=C(C2=O)C=CC=C3N,1,1,1,1,1,1,0,1,1,1,1,1,1,1,1,1,1,1,1,1,1,0,1,1,1,1
CCN1C2=CC3=C(C=C2C(=O)C(=N1)C(=O)O)OCO3,0,1,1,0,0,1,0,1,0,0,1,0,0,0,1,1,0,0,0,1,0,0,1,0,1,0
CC1=CC(=C(N1)C=C2C3=CC=CC=C3NC2=O)C,1,1,1,1,1,1,0,1,1,1,1,0,0,1,1,1,0,1,1,1,1,0,1,1,1,1
C1=CN=C(C=N1)C(=O)N,1,1,0,1,1,1,0,1,0,1,1,0,0,0,1,1,1,0,0,0,1,0,0,0,0,0
CN(C)CCC=C1C2=CC=CC=C2COC3=CC=CC=C31,1,1,1,1,1,1,1,1,1,1,1,1,0,1,1,1,0,1,1,1,1,0,1,1,1,1
C(CCC(=O)O)CCN,0,0,1,1,1,1,0,1,0,0,1,0,0,1,1,1,0,0,1,1,1,0,1,1,1,1
CC1OC(OC(O1)C)C,1,1,0,0,1,1,0,0,0,0,1,0,0,0,0,1,0,1,0,1,1,0,0,0,1,1
CCC(=O)[C@]1([C@@H](CC2[C@@]1(C[C@@H](C3C2CCC4=CC(=O)C=C[C@]34C)O)C)C)C,0,0,1,1,0,0,0,0,0,0,1,0,0,1,0,1,0,1,0,0,0,0,0,0,1,1
COC1=C(C=C2C(=C1)CC(C2=O)CC3CCN(CC3)CC4=CC=CC=C4)OC,1,1,1,1,1,1,1,1,1,1,1,1,1,1,1,1,0,1,1,1,1,0,1,1,1,1
C1=CC(=C2C(=C1NCCNCCO)C(=O)C3=C(C=CC(=C3C2=O)O)O)NCCNCCO,1,1,1,1,1,1,0,1,1,1,1,0,0,1,1,1,0,1,1,1,1,0,0,1,1,1
C1CC(OC1CO)N2C=CC(=NC2=O)N,1,1,1,1,1,1,1,1,1,0,1,0,0,1,1,1,1,1,1,1,1,0,1,1,1,1
C1CC(=O)NC(=O)C1N2C(=O)C3=CC=CC=C3C2=O,1,1,1,1,1,1,1,1,1,1,1,1,1,1,1,1,1,1,1,1,1,0,1,1,1,1
CCCC(=O)OC1(CCC2C1(CC(C3C2CCC4=CC(=O)CCC34C)O)C)C(=O)CO,0,0,1,1,0,0,0,1,0,0,1,0,0,0,0,1,0,1,0,0,0,0,0,0,0,0
CC1=NC=CN1CC2CCC3=C(C2=O)C4=CC=CC=C4N3C,1,1,1,1,1,1,0,1,1,1,1,0,0,1,0,1,0,1,1,1,1,0,1,1,1,1
C1=CC=C(C=C1)CC(C(=O)O)O,0,0,0,0,0,0,0,0,0,0,1,0,0,0,0,1,1,0,0,0,0,0,0,0,0,0
CCC(=O)NS(=O)(=O)C1=CC=C(C=C1)C2=C(ON=C2C3=CC=CC=C3)C,1,1,0,1,1,1,0,1,0,0,1,0,0,1,1,1,0,1,1,1,1,0,1,1,1,1
C[C@H]1CCC[C@@]2([C@@H](O2)C[C@H](NC(=O)C[C@@H](C(C(=O)[C@@H]([C@H]1O)C)(C)C)O)/C(=C/C3=CSC(=N3)C)/C)C,1,1,1,1,1,1,0,1,1,0,1,0,0,1,1,1,0,1,1,1,1,0,0,1,1,0
CC12CCC3C(C1CCC2O)CCC4=C3C=CC(=C4)O,1,1,1,1,1,1,1,1,1,1,1,1,1,1,1,1,1,1,1,1,1,1,1,1,1,1
CCN(C)C(=O)OC1=CC=CC(=C1)C(C)N(C)C,1,1,1,1,1,1,1,1,1,1,1,1,0,1,1,1,1,1,1,1,1,0,1,1,1,1
CC(C)(C)C(C)(C1CC23CCC1(C4C25CCN(C3CC6=C5C(=C(C=C6)O)O4)CC7CC7)OC)O,1,1,1,1,1,1,1,1,1,0,1,0,1,1,0,1,0,1,1,1,1,0,1,1,1,1
CC(C)(C)NCC(C1=CC(=CC(=C1)O)O)O,0,0,0,0,1,1,0,0,0,0,1,0,0,1,0,1,0,0,1,1,0,0,0,1,1,1
CC(=O)CCC1=CC2=C(C=C1)C=C(C=C2)OC,1,1,1,1,0,1,0,1,1,0,1,0,0,1,1,1,1,1,1,1,1,0,1,1,1,0
CC(C)(C)C1=CC=C(C=C1)CN(C)CC2=CC=CC3=CC=CC=C32,0,0,0,0,0,0,0,0,0,0,1,0,0,0,0,1,0,0,0,0,0,0,0,0,1,0
CC1C(OCCN1C)C2=CC=CC=C2,0,1,1,1,0,1,0,0,0,0,0,0,0,1,0,1,0,0,1,1,1,0,0,1,1,0
CC1=NC2=C(N1)CCN(C3=CC=CC=C32)C(=O)C4=CC=C(C=C4)NC(=O)C5=CC=CC=C5C6=CC=CC=C6,0,1,0,1,0,1,0,0,0,0,1,0,0,1,1,1,0,1,1,1,1,0,0,1,1,1
CC(C(=O)NCC(=O)O)S,1,1,0,1,1,1,0,0,0,1,1,0,0,1,1,1,0,1,1,0,1,0,0,0,1,0
CCCC1=CC(=O)NC(=S)N1,1,0,0,1,1,1,0,0,0,0,1,0,0,1,1,1,0,0,1,0,1,0,1,0,1,1
CCN(CC)CCOC(=O)C1=CC=C(C=C1)N,0,1,1,1,0,1,0,1,0,0,1,0,1,1,0,1,1,0,1,1,0,0,1,1,1,1
CN1CCC[C@@H]1CC2=CNC3=C2C=C(C=C3)CCS(=O)(=O)C4=CC=CC=C4,1,1,1,1,1,1,1,1,1,1,1,1,0,1,1,1,0,1,1,1,1,0,1,1,1,1
CN1CCC2=CC=CC3=C2C1CC4=C3C(=C(C=C4)O)O,0,1,0,0,1,1,0,0,1,0,1,0,0,1,0,1,0,1,1,1,0,0,0,1,1,1
CC1OC2(CN3CCC2CC3)CS1,1,1,1,1,1,1,1,1,1,1,1,1,1,1,1,1,1,1,1,1,1,0,1,1,1,1
C(C1C(C(C(C(O1)O)O)O)O)O,0,1,1,1,0,1,0,0,0,0,1,0,0,1,1,0,0,1,1,1,0,0,0,1,1,1
C1=CC(=CC=C1N)S(=O)(=O)N,0,0,0,0,0,0,0,0,0,0,1,0,0,0,0,0,0,0,0,0,0,0,0,0,1,0
CC(=O)OC1=CC=C(C=C1)C(C2=CC=C(C=C2)OC(=O)C)C3=CC=CC=N3,0,1,0,0,1,1,0,1,0,0,0,0,0,1,0,1,0,0,0,0,0,0,0,0,1,0
CCCC1=C2C(=CC3=C1OC(=CC3=O)C(=O)O)C(=O)C=C(N2CC)C(=O)O,0,0,1,1,1,1,0,1,0,0,1,0,0,0,1,1,0,1,1,0,0,0,1,0,1,0
CN1CCN2C(C1)C3=CC=CC=C3CC4=CC=CC=C42,1,0,1,1,1,1,0,0,1,0,1,0,0,1,1,1,0,0,1,1,0,0,1,1,1,1
C(CC(=O)O)C(=O)CN,1,0,1,1,0,1,0,0,0,1,1,0,0,1,1,1,0,1,1,1,0,0,0,1,1,1
CC(C)(C(=O)O)ON=C(C1=CSC(=N1)N)C(=O)NC2C3N(C2=O)C(=C(CS3)C[N+]4=CC=CC=C4)C(=O)[O-],1,1,1,1,0,1,0,1,1,0,1,0,0,1,1,1,0,1,1,1,1,1,0,1,1,1
CC(C)(C)NCC(COC1=CC=CC2=C1CC(C(C2)O)O)O,0,1,1,1,0,1,0,0,1,0,1,0,0,1,1,1,0,1,1,1,0,0,1,1,1,0
CC(=O)N[C@H](COC)C(=O)NCC1=CC=CC=C1,1,0,1,1,1,1,0,1,0,0,1,0,0,1,1,1,0,1,0,1,1,0,1,1,1,1
CC(=O)OCC(CCN1C=NC2=CN=C(N=C21)N)COC(=O)C,1,1,1,1,1,1,0,0,1,0,1,0,0,0,1,1,0,1,1,1,1,0,1,1,1,1
CNC(=C[N+](=O)[O-])NCCSCC1=CSC(=N1)CN(C)C,1,1,1,1,1,1,0,1,1,0,1,0,0,1,1,1,0,1,1,1,1,0,0,1,1,1
CCOC1=C(C=CC(=C1)[C@H](CS(=O)(=O)C)N2C(=O)C3=C(C2=O)C(=CC=C3)NC(=O)C)OC,0,1,0,1,1,1,0,1,0,0,0,0,0,0,0,1,0,1,1,0,0,0,0,0,1,0
CC(C)NCC(COC1=CC=CC2=C1C=CN2)O,0,0,1,1,1,1,0,0,1,0,1,0,0,1,0,1,0,1,1,1,1,0,1,1,1,0
CC(CN1C2=CC=CC=C2SC3=CC=CC=C31)N(C)C,1,1,1,1,1,1,0,1,0,0,1,0,1,1,1,1,0,1,1,1,1,0,1,1,1,1
C=CC1=C(N2[C@@H]([C@@H](C2=O)NC(=O)C(=NO)C3=CSC(=N3)N)SC1)C(=O)O,1,1,0,1,1,1,1,1,1,0,1,0,0,1,1,1,0,1,1,1,1,0,0,1,1,1
CCCC[N+]1(C2CC(CC1C3C2O3)OC(=O)C(CO)C4=CC=CC=C4)C,0,0,1,1,0,1,0,1,0,0,0,0,0,1,0,1,0,0,1,0,1,0,0,1,1,0
CCC[C@@H](C(=O)OCC)N[C@H](C)C(=O)N1[C@H]2CCCC[C@H]2C[C@H]1C(=O)O,1,1,1,1,1,1,0,1,1,0,1,0,1,1,1,1,0,1,1,1,1,0,1,1,1,1
CC1(C(N2C(S1)C(C2=O)NC(=O)CC3=CC=CC=C3)C(=O)O)C,0,1,1,1,1,1,0,1,1,0,1,0,1,1,1,1,0,1,1,1,1,0,1,1,1,1
CCN(CCCCOC(=O)C1=CC(=C(C=C1)OC)OC)C(C)CC2=CC=C(C=C2)OC,0,1,0,0,0,1,0,1,0,0,1,0,0,0,0,1,0,0,0,1,0,0,0,0,1,0
CC(=O)NO,0,1,0,0,0,1,0,0,0,0,1,0,0,1,1,1,0,0,0,1,1,0,0,1,1,1
CCC(C1=CC(=CC=C1)O)C(C)CN(C)C,0,1,1,1,1,1,1,1,1,0,1,0,0,1,0,1,0,1,1,1,1,0,1,1,1,1
CCC(=C(C1=CC=CC=C1)C2=CC=C(C=C2)OCCN(C)C)C3=CC=CC=C3,1,1,1,1,1,1,1,1,1,1,1,1,0,1,1,1,1,1,1,1,1,0,0,1,1,1
CC(=O)NCCCS(=O)(=O)O,1,1,1,1,1,1,1,1,1,1,1,1,0,1,1,1,0,1,1,1,1,0,1,1,1,1
C1CCN(CC1)CCOC2=CC=C(C=C2)C(=O)C3=C(SC4=C3C=CC(=C4)O)C5=CC=C(C=C5)O,1,1,1,1,1,1,0,0,1,1,1,0,1,1,1,1,0,1,1,1,1,0,1,1,1,0
C(CCCC(=O)O)CCCC(=O)O,0,0,1,0,0,0,0,1,0,0,1,0,0,0,0,1,0,1,1,0,0,0,0,0,1,0
CCOC(=O)C(CCC1=CC=CC=C1)NC(C)C(=O)N2CC3=CC=CC=C3CC2C(=O)O,1,1,1,1,1,1,0,1,1,0,1,0,1,1,1,1,0,1,1,1,1,1,1,1,1,1
CC1=CC=CN2C1=NC=C(C2=O)C3=NNN=N3,0,0,1,1,1,0,0,1,1,0,1,0,0,0,0,0,0,1,1,0,0,0,0,0,1,0
CC1(O[C@@H]2C[C@H]3C4CCC5=CC(=O)C=CC5([C@H]4C(CC3([C@@]2(O1)C(=O)CO)C)O)C)C,0,1,0,1,0,0,0,0,0,0,1,0,0,0,0,1,0,1,1,1,0,0,0,0,1,0
CCCCC[C@H](CC[C@@H]1[C@H](C[C@@H]2[C@H]1CC3=C(C2)C(=CC=C3)OCC(=O)O)O)O,0,1,0,1,1,1,1,0,0,0,1,0,0,1,1,1,0,1,1,1,1,0,0,1,1,1
COC(=O)C=CC(=O)O,0,0,0,1,0,1,0,0,0,0,0,0,0,1,1,1,0,0,0,0,0,0,0,0,0,0
CC(C)C(=O)OC1=C(C=C(C=C1)CO)[C@H](CCN(C(C)C)C(C)C)C2=CC=CC=C2,1,0,1,1,1,1,0,1,1,0,1,0,0,0,0,1,0,1,1,1,1,0,1,1,1,0
CCCCN1CCCCC1C(=O)NC2=C(C=CC=C2C)C,0,1,1,1,1,1,0,1,1,0,1,0,1,1,1,1,0,1,1,1,1,1,1,1,1,1
CC(C)COCC(CN(CC1=CC=CC=C1)C2=CC=CC=C2)N3CCCC3,0,1,1,1,1,1,0,0,1,0,1,0,1,1,0,1,0,1,1,1,0,0,1,1,1,0
CCC1=C(CN(C1=O)C(=O)NCCC2=CC=C(C=C2)S(=O)(=O)NC(=O)NC3CCC(CC3)C)C,1,1,1,1,1,1,1,1,1,0,1,1,1,1,1,1,1,1,1,1,1,0,0,1,1,1
CCOCCN1C2=CC=CC=C2N=C1N3CCCN(CC3)C,0,0,1,1,0,0,0,0,0,0,1,0,0,1,0,1,0,1,0,1,0,0,0,1,1,0
C1=C(NC=N1)CCN,0,1,0,1,1,1,0,1,1,1,1,1,0,1,1,1,0,1,1,1,0,0,1,1,1,0
C1=CC=C(C(=C1)C(=O)O)O,1,1,0,1,0,1,0,0,0,1,1,0,0,0,0,1,0,0,1,1,0,0,1,0,1,1
N#[N+][O-],0,1,0,1,0,1,0,0,0,0,1,0,1,1,1,0,0,0,1,1,0,1,0,1,1,1
C(CNCCNCCNCCN)N,1,1,0,1,1,1,0,0,0,0,1,0,0,0,0,1,0,0,1,1,0,0,1,1,1,0
CC(CCCN)NC1=C2C(=CC(=C1)OC)C=CC=N2,0,0,0,0,0,1,0,0,0,0,0,0,0,0,1,0,0,0,0,0,0,0,0,0,0,0
C1=CC(=C2C(=C1NCCN)C(=O)C3=C(C2=O)C=NC=C3)NCCN,1,1,1,1,1,1,0,1,1,1,1,0,0,1,1,1,0,1,1,1,1,0,1,1,1,0
[N]=O,0,0,0,1,0,1,0,0,0,0,1,0,0,1,1,0,0,0,1,0,0,0,0,1,1,1
CC1=C(C(C(=C(N1)C)C(=O)OCC[NH+](C)CC2=CC=CC=C2)C3=CC(=CC=C3)[N+](=O)[O-])C(=O)OC,0,1,1,1,1,1,0,1,1,0,1,0,1,1,1,1,0,1,1,1,1,0,1,1,1,0
C1CN(CCN1CCOCCO)C2=NC3=CC=CC=C3SC4=CC=CC=C42,1,1,1,1,1,1,1,1,1,1,1,1,0,1,1,1,0,1,1,1,1,1,1,1,1,1
CCCC(C)C1(C(=O)NC(=O)NC1=O)CC=C,1,0,0,1,0,1,1,1,0,0,1,0,0,1,1,1,0,0,1,1,0,0,0,1,1,0
CC12CCC3C(C1CCC2=O)CCC4=C3C=CC(=C4)O,1,1,1,1,1,1,0,1,1,1,1,0,0,1,0,1,1,1,1,1,0,0,0,1,1,0
CC1=NC(=O)C2=C(N1)C=CC(=C2)CN(C)C3=CC=C(S3)C(=O)N[C@@H](CCC(=O)O)C(=O)O,1,1,0,1,1,1,0,0,0,1,1,0,0,0,1,1,0,1,1,0,1,0,0,1,1,0
CN1CCC(=C2C3=CC=CC=C3CCN4C2=NC=C4C=O)CC1,0,0,1,0,0,0,0,0,0,0,1,0,0,0,0,0,0,1,0,0,0,0,0,0,1,0
CCCCCCCCCCCCCCCCCCCCCCO,0,0,0,0,0,0,0,0,0,0,1,0,0,0,0,1,0,0,0,0,0,0,0,0,1,0
CCCCCC1=CC2=C(C3C=C(CCC3C(O2)(C)C)C)C(=C1)O,0,1,0,0,1,1,1,1,0,0,1,0,1,1,0,1,0,1,1,1,0,0,1,1,1,1
C1C2C3=CC=CC=C3CC4=CC=CC=C4N2C(=N1)N,0,0,1,0,0,0,0,0,0,0,0,0,0,1,0,1,0,1,1,0,0,0,0,0,1,0
C[C@@H]1CC[C@@]23CCC(=O)[C@H]2[C@@]1([C@@H](C[C@@]([C@H]([C@@H]3C)O)(C)C=C)OC(=O)CSC4C[C@H]5CC[C@@H](C4)N5C)C,0,0,0,1,0,1,0,1,0,0,1,0,0,0,0,1,0,1,0,0,0,0,0,0,1,0
C[N+]1=CC=CC(=C1)OC(=O)N(C)C,0,0,1,1,1,1,0,1,1,0,1,0,0,1,0,1,0,1,1,1,1,0,1,1,1,1
CN(C)CCC=C1C2=CC=CC=C2CSC3=CC=CC=C31,1,1,1,1,0,1,1,1,1,0,1,1,0,1,1,1,0,0,0,1,1,0,0,1,1,1
CCC(C1=CC=CC=C1)C(=O)O,1,1,0,1,0,1,0,0,1,0,1,0,0,1,1,1,0,0,0,1,1,0,1,1,1,1
CNC(=C[N+](=O)[O-])NCCSCC1=CC=C(O1)CN(C)C,1,0,1,1,1,1,1,1,1,0,1,0,0,1,1,1,1,1,1,1,1,0,1,1,1,0
CCN(C1=CC=CC=C1C)C(=O)C=CC,0,0,0,0,0,0,0,0,0,0,0,0,0,0,0,1,0,0,0,0,0,0,0,0,0,0
C1=NC(=NN1C2C(C(C(O2)CO)O)O)C(=O)N,1,1,1,1,1,1,1,1,1,1,1,1,0,1,1,1,1,1,1,1,1,0,1,1,1,1
CCCN(CCC1=CC=CS1)C2CCC3=C(C2)C=CC=C3O,0,1,1,1,1,1,0,1,1,1,1,0,0,1,0,1,0,1,1,1,0,0,1,0,1,1
C1CC2=CC=CC=C2N(C(=O)[C@H]1N[C@H](CCC3=CC=CC=C3)C(=O)O)CC(=O)O,0,1,0,1,1,1,0,1,1,0,1,0,0,1,1,1,0,1,1,1,1,0,0,1,1,1
C1[C@@H]([C@@H]2[C@H](O1)[C@@H](CO2)O[N+](=O)[O-])O,1,1,1,1,1,1,1,1,1,0,1,0,0,1,1,1,0,1,1,1,1,0,1,1,1,0
CCC=CCC=CCC=CCC=CCC=CCCCC(=O)O,0,0,0,0,1,0,0,0,0,0,0,0,0,0,0,0,0,0,1,0,0,0,0,0,0,0
CCC1(CCC(=O)NC1=O)C2=CC=C(C=C2)N,1,1,0,1,1,1,0,1,0,0,0,1,0,1,1,1,0,0,1,0,0,0,0,1,1,0
CC1=C(C(=C(C2=C1COC2=O)O)CC=C(C)CCC(=O)O)OC,1,1,1,1,1,1,1,1,1,1,1,1,0,1,1,1,1,1,1,1,1,1,1,1,1,1
CC1=CC2=C(NC3=CC=CC=C3N=C2S1)N4CCN(CC4)C,1,1,1,1,1,1,1,1,1,1,1,1,1,1,1,1,0,1,1,1,1,1,1,1,1,1
CC(=O)NC1CCC2=CC(=C(C(=C2C3=CC=C(C(=O)C=C13)OC)OC)OC)OC,1,1,1,1,1,1,0,1,1,0,1,1,0,1,1,1,0,0,1,0,1,0,0,0,1,0
C[C@@H]1[C@@H]2[C@H](C(=O)N2C(=C1S[C@H]3C[C@H](NC3)C(=O)NC4=CC=CC(=C4)C(=O)O)C(=O)O)[C@@H](C)O,1,1,1,1,1,1,0,1,1,0,1,0,0,1,1,1,1,1,1,1,1,1,1,1,1,1
CC(COC1=CC=CC=C1)NC(C)C(C2=CC=C(C=C2)O)O,0,1,0,0,0,1,0,0,0,0,1,0,0,1,0,1,0,0,1,0,0,0,0,1,1,0
CC12CCC(=O)C=C1CCC3C2CCC4(C3CCC4(C)O)C,1,0,0,1,0,1,0,1,1,0,0,1,0,1,1,1,0,0,0,1,0,0,0,0,1,0
CCN1C(=O)C(NC1=O)C2=CC=CC=C2,0,0,1,1,1,1,0,0,0,1,1,0,0,0,1,1,0,0,0,1,0,0,0,0,1,0
CCOC(=O)C(CCC1=CC=CC=C1)NC(C)C(=O)N2CCCC2C(=O)O,1,1,1,1,1,1,0,1,1,0,1,1,0,1,1,1,0,1,1,1,1,0,1,1,1,1
C[C@]12CCC(=O)C=C1CC[C@@H]3[C@@H]2C(=O)C[C@]4([C@H]3CC[C@@]4(C(=O)CO)O)C,0,1,1,1,1,1,0,1,1,0,1,0,0,1,0,1,0,0,0,0,0,0,1,1,1,1
[O-]S(=O)(=S)[O-],0,0,0,1,0,1,0,0,0,0,0,0,0,1,1,0,0,0,0,1,0,0,0,0,1,1
CN1C(CNC2=C1C(=O)N=C(N2)N)CNC3=CC=C(C=C3)C(=O)NC(CCC(=O)O)C(=O)O,0,0,0,0,0,0,0,1,0,0,0,0,0,0,0,0,0,0,0,0,0,0,0,0,0,0
CC(C(=O)N1C2CCCCC2CC1C(=O)O)NC(CCC3=CC=CC=C3)C(=O)O,1,1,0,1,1,1,0,0,1,0,1,0,0,1,1,1,0,1,1,1,1,0,1,1,1,0
CCC(=O)OC1CCC2C1(CCC3C2CCC4=CC(=O)CCC34C)C,1,1,0,1,1,1,0,1,1,1,1,1,0,1,1,1,0,1,1,1,1,0,0,0,1,0
CC(C)(C)NCC(COC1=CC=CC2=C1CCCC2=O)O,0,1,1,0,0,1,0,1,1,0,1,0,0,1,0,1,0,1,1,1,0,0,0,1,1,0
C1CN(CC1C(C2=CC=CC=C2)(C3=CC=CC=C3)C(=O)N)CCC4=CC5=C(C=C4)OCC5,1,0,1,1,1,1,1,1,1,0,1,0,0,1,0,1,0,1,1,1,1,0,0,1,1,1
CC1(CC(=O)N(C1=O)C)C2=CC=CC=C2,0,1,1,1,0,1,0,0,0,0,1,0,0,1,1,1,0,0,1,1,1,0,0,0,1,0
C1CC(OC1CO)N2C=NC3=C2NC=NC3=O,1,1,1,1,1,1,1,1,0,0,1,0,0,0,1,1,0,1,0,0,1,0,0,0,1,1
CC12CCC3C(C1CCC2OC(=O)CCC4CCCC4)CCC5=C3C=CC(=C5)O,1,1,1,1,1,1,0,1,1,1,1,0,0,1,0,1,1,1,1,1,0,0,0,1,1,0
CC(CS)C(=O)N1CCCC1C(=O)O,1,1,1,1,1,1,0,1,1,0,1,0,0,1,1,1,1,1,1,1,1,1,0,1,1,1
CCN[C@H]1CN(S(=O)(=O)C2=C1C=C(S2)S(=O)(=O)N)CCCOC,1,1,1,1,1,1,0,1,1,0,1,0,0,1,0,1,0,1,1,1,1,0,1,1,1,1
CC(C[N+](C)(C)C)OC(=O)N,0,0,1,0,0,1,0,0,0,0,1,0,0,1,0,1,0,0,1,0,1,0,0,1,1,1
CC(C)NCC(C1=CC=C(C=C1)NS(=O)(=O)C)O,0,1,1,1,1,1,0,0,1,0,1,0,1,1,1,1,0,1,1,1,1,0,1,1,1,0
CCOC1=C(C2=CC=CC=C2C=C1)C(=O)N[C@H]3[C@@H]4N(C3=O)[C@H](C(S4)(C)C)C(=O)O,1,0,0,1,1,1,0,1,0,0,1,0,0,1,1,1,0,1,1,0,1,0,0,0,0,0
CC(C)C1=C(C(=CC=C1)C(C)C)O,0,1,1,1,1,1,1,1,0,0,1,0,1,1,1,1,0,1,1,1,1,1,1,1,1,1
C1=NC2=C(C(=N1)N)N=CN2C3C(C(C(O3)CO)O)O,0,0,1,1,1,1,0,1,0,0,1,0,0,1,0,1,0,0,1,1,1,0,1,1,1,1
CC1=C(N=CN1)CN2CCC3=C(C2=O)C4=CC=CC=C4N3C,1,1,1,1,1,1,0,1,1,0,1,1,0,1,0,1,0,1,1,1,1,0,0,1,1,1
CCN(CC)C(=O)NC1CN(C2CC3=CNC4=CC=CC(=C34)C2=C1)C,0,1,0,1,0,1,0,1,0,0,1,1,0,1,0,1,0,1,1,1,0,0,1,1,1,1
CCCCCCCCCC(=O)OC1CCC2C1(CCC3C2CCC4=CC(=O)CCC34)C,1,1,0,1,1,1,0,0,1,0,1,1,0,1,0,1,0,1,1,1,0,0,0,0,0,1
C1=CC=C(C=C1)CO,0,0,1,0,0,0,0,0,0,0,1,0,0,0,0,1,0,1,0,0,0,0,0,0,1,1
COC1=CC=CC=C1OCC(CO)O,0,0,0,0,0,1,0,0,0,0,1,0,0,0,0,1,0,0,0,0,1,0,0,0,1,0
CC1=C(C=CC=C1O)C(=O)NC(CSC2=CC=CC=C2)C(CN3CC4CCCCC4CC3C(=O)NC(C)(C)C)O,1,1,1,1,1,1,0,1,1,0,1,0,0,1,1,1,0,1,1,1,1,0,0,1,1,1
CCC(=O)NCC[C@@H]1CCC2=C1C3=C(C=C2)OCC3,0,0,0,1,1,1,1,1,0,0,1,0,0,0,0,0,0,1,0,1,0,0,0,0,1,0
CNCCCN1C2=CC=CC=C2CCC3=CC=CC=C31,1,1,1,1,0,1,0,0,1,0,1,1,0,1,1,1,0,0,0,1,1,0,1,1,1,1
C1=CC(=C(C=C1N)C(=O)O)O,1,1,1,1,1,1,1,1,1,0,1,0,1,1,1,1,0,1,1,1,1,0,1,1,1,1
CN(C)CCOC1=CC=C(C=C1)CNC(=O)C2=CC(=C(C(=C2)OC)OC)OC,1,0,1,0,1,1,0,1,0,0,0,0,0,1,1,0,0,0,0,1,0,0,0,0,1,1
CCCCCC(C=CC1C(CC(C1CC=CCCCC(=O)O)O)O)O,0,0,0,1,1,1,0,1,0,0,1,0,0,1,1,0,0,1,0,0,0,1,0,1,0,1
CN1CCC23CCCCC2C1CC4=C3C=C(C=C4)OC,0,1,0,1,0,1,0,1,0,0,1,0,0,0,0,0,0,0,1,1,0,0,0,0,1,0
CC(C)CN(C[C@H]([C@H](CC1=CC=CC=C1)NC(=O)O[C@H]2CO[C@@H]3[C@H]2CCO3)O)S(=O)(=O)C4=CC=C(C=C4)N,1,1,1,1,1,1,0,1,1,1,1,1,0,1,1,1,1,1,1,1,1,0,1,1,1,1
CC(C)NCC(COC1=CC=C(C=C1)CCC(=O)OC)O,0,1,1,1,0,1,1,0,0,0,1,0,0,1,0,1,0,1,1,1,1,0,0,1,1,1
CC1C(C(C(O1)OC2C(C(C(C(C2O)O)N=C(N)N)O)N=C(N)N)OC3C(C(C(C(O3)CO)O)O)NC)(C=O)O,0,0,1,1,1,1,0,1,0,0,1,0,0,0,1,1,0,0,0,0,1,0,1,0,1,0
CCCCC(=O)OC1CCC2C1(CCC3C2CCC4=C3C=CC(=C4)O)C,1,1,1,1,1,1,0,1,1,1,1,0,0,1,0,1,1,1,1,1,0,0,0,1,1,0
C1CC1NC2=NC(=NC3=C2N=CN3C4CC(C=C4)CO)N,1,1,0,1,1,1,0,1,1,0,1,1,0,1,1,1,0,1,1,1,1,0,1,1,1,1
C1C(C(OC1N2C=NC(=NC2=O)N)CO)O,1,1,1,1,1,1,0,1,0,1,1,0,0,1,1,1,0,1,1,1,1,0,1,1,1,1
C1CN=C(N1)CC2=CC=CC3=CC=CC=C32,0,1,1,1,0,1,0,0,0,0,1,0,0,1,0,1,0,1,0,1,0,0,0,0,1,1
CCC1(C(=O)NC(=NC1=O)[O-])CCC(C)C,1,0,0,1,0,1,1,1,0,0,1,0,0,1,1,1,0,0,1,1,0,0,0,1,1,0
C1C[N+]2(CCC1[C@@H](C2)OC(=O)C(C3=CC=CS3)(C4=CC=CS4)O)CCCOC5=CC=CC=C5,0,1,1,0,1,1,0,0,0,0,0,0,0,0,0,0,0,1,1,0,1,0,0,1,1,0
C1=CN=C(N=C1)NS(=O)(=O)C2=CC=C(C=C2)N,1,1,1,1,1,1,1,1,0,0,1,1,0,1,1,1,0,1,0,1,1,0,1,1,1,1
CC1=CN(C(=O)C=C1)C2=CC=CC=C2,1,1,0,1,1,1,0,0,1,0,1,0,0,1,0,1,0,1,1,1,0,0,0,0,1,1
CC1=C(C(C(=C(N1)C)C(=O)OC(C)C)C2=CC=CC3=NON=C32)C(=O)OC,1,1,1,1,1,1,0,1,1,0,1,0,0,1,1,1,0,0,1,1,1,0,0,1,1,0
CCOC1=C(C=CC(=C1)CC(=O)NC(CC(C)C)C2=CC=CC=C2N3CCCCC3)C(=O)O,1,1,1,1,1,1,0,1,0,0,1,0,0,1,1,1,0,1,0,0,0,0,0,1,1,0
CC1CC2C(CCC3(C2CCC3(C(=O)C)OC(=O)C)C)C4(C1=CC(=O)CC4)C,1,1,1,1,1,1,1,1,1,1,1,1,0,1,1,1,1,1,1,1,1,1,1,1,1,1
CC(=O)OC1=CC=CC=C1C(=O)O,1,1,0,1,1,1,1,1,0,0,1,0,0,1,1,1,0,1,1,1,1,0,1,1,1,1
CC1=CC(=CC(=C1NC2=NC(=NC=C2)NC3=CC=C(C=C3)C#N)C)C=CC#N,1,1,0,1,0,1,0,1,1,0,1,1,0,0,0,1,0,1,0,1,1,0,0,0,1,1
CCC1(C(=O)N(C(=O)N1)C)C2=CC=CC=C2,1,0,1,1,1,1,0,1,0,1,1,0,0,0,1,1,0,1,1,1,1,0,0,0,1,1
CC1=CN(C(=O)NC1=O)C2CC(C(O2)CO)O,1,1,0,1,1,1,0,0,0,0,1,0,0,0,1,1,0,1,1,1,1,0,0,0,1,1
CC1OC2=C(O1)C=C(C=C2)C(C)(C)C,0,1,0,0,0,1,0,1,0,0,0,0,0,0,0,0,0,0,1,1,0,0,0,0,1,0
C1=CC=C(C=C1)C(C2=CC=CC=C2)S(=O)CC(=O)N,1,1,1,1,1,1,1,1,1,0,1,0,1,1,1,1,0,1,1,1,1,0,1,1,1,1
C(C(CO[N+](=O)[O-])O[N+](=O)[O-])O[N+](=O)[O-],0,1,1,1,0,1,1,1,1,0,1,0,1,1,1,1,1,1,1,1,1,0,1,1,1,1
CC(C)[N+]1(C2CCC1CC(C2)OC(=O)C(CO)C3=CC=CC=C3)C,0,0,1,1,1,1,1,1,1,0,1,0,0,1,0,1,1,1,1,1,1,1,1,1,1,0
CCN(CC)CCOC(=O)C1(CCCCC1)C2CCCCC2,0,1,1,0,1,1,0,1,1,0,1,0,0,1,0,1,0,0,1,1,1,0,0,1,1,0
CC(C)[N+](C)(CCOC(=O)C1C2=CC=CC=C2OC3=CC=CC=C13)C(C)C,0,0,1,0,0,1,0,1,1,0,1,0,0,1,0,1,0,0,0,1,1,0,0,1,1,1
CC1CCN(C(C1)C(=O)O)C(=O)C(CCCN=C(N)N)NS(=O)(=O)C2=CC=CC3=C2NCC(C3)C,0,0,0,1,1,1,0,1,0,0,1,0,1,1,1,1,0,1,1,1,1,0,0,1,1,1
C1=CC=C(C=C1)C2(C(=O)NC(=O)N2)C3=CC=CC=C3,1,1,1,1,1,1,1,1,1,1,1,1,1,1,1,1,0,1,1,1,1,0,1,1,1,1
CC12CCC3C(C1CCC2C(=O)NC(C)(C)C)CCC4C3(C=CC(=O)N4)C,0,0,0,1,1,0,0,1,1,1,1,0,0,1,0,1,0,1,1,1,0,0,0,0,1,1
CN(C)CCC=C1C2=CC=CC=C2C=CC3=CC=CC=C31,1,1,1,1,1,1,1,1,1,0,1,1,0,1,1,1,0,1,1,1,1,0,1,1,1,1
C(C(CO)(CO)N)O,1,1,0,1,0,0,0,0,0,0,1,0,0,1,0,0,0,1,1,0,0,0,0,0,0,0
CC(C)(C)C(=O)OC1=C(C=C(C=C1)C(CNC)O)OC(=O)C(C)(C)C,0,0,1,0,0,0,0,1,0,0,1,0,0,1,0,0,0,1,0,0,0,0,0,1,0,0
C1=CC(=CN=C1)C(=O)NCCO[N+](=O)[O-],1,1,1,1,1,1,0,0,1,0,1,0,1,1,1,1,0,1,1,1,0,0,1,1,1,0
CC1=CC2C(CCC3(C2CCC3(C(=O)C)OC(=O)C)C)C4(C1=CC(=O)CC4)C,0,1,0,1,0,1,0,0,1,1,1,1,0,1,0,1,0,1,1,1,1,0,0,1,1,0
CN1CCC23C4C(=O)CCC2(C1CC5=C3C(=C(C=C5)OC)O4)O,1,1,1,1,1,1,1,1,1,1,1,1,1,1,1,1,0,1,1,1,1,0,1,1,1,1
C(C(=O)O)N,0,1,1,0,1,1,0,1,0,0,1,0,0,1,0,1,0,1,1,0,1,0,1,1,1,1
C1C(C(C(C(C1N)OC2C(C(C(C(O2)CN)O)O)O)O)OC3C(C(C(C(O3)CO)O)N)O)N,0,0,0,1,0,1,0,0,0,0,1,0,0,0,0,1,0,0,1,0,1,0,1,0,1,1
CN(C)C1=CC2=C(C=C1)N=C3C=CC(=[N+](C)C)C=C3S2,1,0,1,1,0,1,0,1,0,0,1,0,0,1,1,1,1,0,1,1,1,0,0,1,1,0
CC(=O)NC(CS)C(=O)O,0,0,1,1,0,1,1,1,0,0,1,0,0,1,0,1,0,1,1,1,0,0,1,1,1,0
CC1=C(C=C(C(=O)N1)C#N)C2=CC=NC=C2,0,1,0,1,0,0,0,1,0,0,1,0,0,1,1,1,1,0,1,0,0,0,0,1,1,0
CN(CC1=CN=C2C(=N1)C(=NC(=N2)N)N)C3=CC=C(C=C3)C(=O)NC(CCC(=O)O)C(=O)O,1,1,1,1,1,1,0,1,1,1,1,0,0,1,1,1,1,1,1,1,1,1,1,1,1,1
CC(C)(CO)C(C(=O)NCCCO)O,0,0,0,0,0,1,0,1,0,0,0,0,0,1,0,1,0,0,1,1,0,0,0,0,1,0
C1C2CC3CC(CC1N3CC2=O)OC(=O)C4=CNC5=CC=CC=C54,1,1,1,1,1,1,0,1,0,0,1,0,0,1,1,1,0,1,1,1,1,0,1,1,1,1
CC(CN1C2=CC=CC=C2SC3=C1C=C(C=C3)OC)CN(C)C,1,0,0,1,0,1,0,1,1,0,1,0,0,1,1,1,0,0,0,0,1,0,0,1,1,0
C[N+]1(C2CC(CC1C3C2O3)OC(=O)C(CO)C4=CC=CC=C4)C,0,0,1,0,0,1,0,1,1,0,1,0,0,0,0,1,0,0,0,1,1,0,0,1,1,0
CCCSC1=CC2=C(C=C1)N=C(N2)NC(=O)OC,1,0,0,1,0,1,0,1,0,0,0,0,0,0,1,1,0,0,0,0,1,0,1,0,1,1
CCN(CC)C(C)C(=O)C1=CC=CC=C1,0,0,1,1,1,1,0,0,1,0,1,0,0,0,1,1,0,0,1,1,1,0,0,1,1,1
CCCCCCC(=O)OC1CCC2C1(CCC3C2CCC4=CC(=O)CCC34C)C,1,1,0,1,1,1,0,1,1,1,1,1,0,1,1,1,0,1,1,1,1,0,0,0,1,0
CN(C)CCCN1C2=CC=CC=C2CCC3=CC=CC=C31,1,1,1,1,0,1,0,1,1,0,1,1,0,1,1,1,0,1,1,1,1,0,1,1,1,1
C1=CC=C2C(=C1)C=CC3=CC=CC=C3N2C(=O)N,1,1,1,1,1,1,1,1,1,1,1,1,0,1,1,1,1,1,1,1,1,1,1,1,1,1
CC1CC(=O)NN=C1C2=CC=C(C=C2)NN=C(C#N)C#N,0,1,0,1,0,1,0,0,0,0,0,0,0,1,0,0,0,0,0,1,0,0,0,1,1,0
C(CC(=O)N)C(C(=O)O)N,1,1,0,1,1,1,0,1,1,0,1,0,0,1,0,1,0,1,0,1,1,0,0,0,1,0
CC1CC(=O)C2(C(O1)OC3C(C(C(C(C3O2)NC)O)NC)O)O,0,0,0,1,0,1,0,1,0,0,1,0,0,0,0,1,0,0,0,1,1,0,0,0,1,0
C[C@H]1C[C@@H]2[C@H](CC[C@]3([C@H]2CC[C@@]3(C(=O)C)O)C)[C@@]4(C1=CC(=O)CC4)C,1,1,1,1,1,1,0,1,1,1,1,1,0,1,1,1,1,1,1,1,1,1,0,1,1,1
CN1C(=NC(=O)C(=N1)[O-])SCC2=C(N3C(C(C3=O)NC(=O)C(=NOC)C4=CSC(=N4)N)SC2)C(=O)[O-],1,0,0,1,0,1,0,1,1,0,1,0,0,1,1,1,0,1,1,1,1,0,0,1,1,1
C1=CC(=C(C=C1N/N=C/2\C=CC(=O)C(=C2)C(=O)O)C(=O)O)O,1,1,1,1,1,1,0,1,1,0,1,1,0,1,1,1,0,1,1,1,1,0,1,1,1,0
C[C@]12CC[C@@H](CC1=CC[C@@H]3[C@@H]2CC[C@]4([C@H]3CC=C4C5=CN=CC=C5)C)O,1,1,0,1,1,1,0,0,1,0,1,0,0,1,1,1,0,1,1,1,1,0,0,1,0,1
CC1=C(C(=O)C=CN1C)O,1,1,1,1,1,1,1,1,0,0,1,0,1,1,1,1,0,1,1,1,1,0,0,1,1,1
C1=CN=CC=C1C(=O)NN,1,1,0,1,1,1,0,1,1,0,1,0,0,1,1,1,0,0,0,1,0,0,0,0,1,1
CN(C)NN=C1C(=NC=N1)C(=O)N,1,1,1,1,1,1,0,1,0,0,1,0,0,1,1,1,0,1,0,1,0,0,0,1,1,1
CCC(C(=O)N)N1CCCC1=O,1,1,1,1,1,1,1,1,1,0,1,0,0,0,1,1,1,1,1,1,1,1,1,0,1,1
CC#CCN1C2=C(N=C1N3CCC[C@H](C3)N)N(C(=O)N(C2=O)CC4=NC5=CC=CC=C5C(=N4)C)C,0,1,0,1,1,1,0,1,0,0,0,0,0,0,0,1,0,1,1,0,0,0,0,0,1,0
C1C(C1N)C2=CC=CC=C2,1,1,1,1,1,1,0,0,1,0,1,1,0,1,1,1,0,0,0,1,1,0,1,1,1,0
CCNC1CC(S(=O)(=O)C2=C1C=C(S2)S(=O)(=O)N)C,1,1,1,1,1,1,0,1,1,0,1,0,1,1,1,1,0,1,1,1,1,0,1,1,1,1
CN1CCC23C4C1CC5=C2C(=C(C=C5)OC)OC3C(C=C4)O,1,1,1,1,1,1,0,1,1,0,1,0,1,1,0,1,0,1,1,1,1,0,1,1,1,1
